Name,Subscription,ResourceGroupName,Location,ResizeGroup,OsType,Role,Size,TargetSize,LicenseType,NicCount,NicCountCap,AvailabilitySet,FaultDomain,UpdateDomain,AvailVMSizesD,AvailVMSizesDv2,AvailVMSizesF,AvailVMSizesDv3,NoResize,NonStandardVM,Notes
tx-preprod,PREPROD-GOV-INTERNAL,ACSPREPRODDR-PROD-INT-SOUTH-RG,usgovtexas,N/A,Windows,,Standard_A2_v2,N/A,Windows_Server,1,4,,,,,,,,$True,,Deleting
VAAZTIAMAPP300,PREPROD-GOV-INTERNAL,ACSPREPRODDR-PROD-INT-SOUTH-RG,usgovtexas,1,Windows,Compute,Standard_A4_v2,F4,Windows_Server,1,4,ACSPREPROD2_AS_APP300_VALOGON,1,1,,D1_v2 D11_v2 D12_v2 D13_v2 D14_v2 D15_v2 D2_v2 D3_v2 D4_v2 D5_v2,F1 F16 F2 F4 F8,,,,
VAAZTIAMAPP301,PREPROD-GOV-INTERNAL,ACSPREPRODDR-PROD-INT-SOUTH-RG,usgovtexas,2,Windows,Compute,Standard_A4_v2,F4,Windows_Server,1,4,ACSPREPROD2_AS_APP300_VALOGON,0,0,,D1_v2 D11_v2 D12_v2 D13_v2 D14_v2 D15_v2 D2_v2 D3_v2 D4_v2 D5_v2,F1 F16 F2 F4 F8,,,,
VAAZTIAMAPP304,PREPROD-GOV-INTERNAL,ACSPREPRODDR-PROD-INT-SOUTH-RG,usgovtexas,1,Windows,Compute,Standard_A4_v2,F4,Windows_Server,1,4,ACSPREPROD2_AS_APP300_ESIG,1,1,,D1_v2 D11_v2 D12_v2 D13_v2 D14_v2 D15_v2 D2_v2 D3_v2 D4_v2 D5_v2,F1 F16 F2 F4 F8,,,,
VAAZTIAMAPP305,PREPROD-GOV-INTERNAL,ACSPREPRODDR-PROD-INT-SOUTH-RG,usgovtexas,2,Windows,Compute,Standard_A4_v2,F4,Windows_Server,1,4,ACSPREPROD2_AS_APP300_ESIG,0,0,,D1_v2 D11_v2 D12_v2 D13_v2 D14_v2 D15_v2 D2_v2 D3_v2 D4_v2 D5_v2,F1 F16 F2 F4 F8,,,,
VAAZTIAMAPP306,PREPROD-GOV-INTERNAL,ACSPREPRODDR-PROD-INT-SOUTH-RG,usgovtexas,1,Windows,Compute,Standard_A8_v2,F8,Windows_Server,1,4,ACSPREPROD2_AS_APP300_AMS-VDT,1,1,,D1_v2 D11_v2 D12_v2 D13_v2 D14_v2 D15_v2 D2_v2 D3_v2 D4_v2 D5_v2,F1 F16 F2 F4 F8,,,,
VAAZTIAMAPP307,PREPROD-GOV-INTERNAL,ACSPREPRODDR-PROD-INT-SOUTH-RG,usgovtexas,2,Windows,Compute,Standard_A8_v2,F8,Windows_Server,1,4,ACSPREPROD2_AS_APP300_AMS-VDT,0,0,,D1_v2 D11_v2 D12_v2 D13_v2 D14_v2 D15_v2 D2_v2 D3_v2 D4_v2 D5_v2,F1 F16 F2 F4 F8,,,,
VAAZTIAMAPP310,PREPROD-GOV-INTERNAL,ACSPREPRODDR-PROD-INT-SOUTH-RG,usgovtexas,3,Linux,Compute,Standard_A2_v2,F2,,1,4,ACSPREPROD2_AS_APP300_SSO,0,0,,D1_v2 D11_v2 D12_v2 D13_v2 D14_v2 D15_v2 D2_v2 D3_v2 D4_v2 D5_v2,F1 F16 F2 F4 F8,,,,
VAAZTIAMASM300,PREPROD-GOV-INTERNAL,ACSPREPRODDR-PROD-INT-SOUTH-RG,usgovtexas,1,Windows,General,Standard_A4_v2,D4s_v3,Windows_Server,1,4,,,,,,,,,,
VAAZTIAMFPS350,PREPROD-GOV-INTERNAL,VAAFIPREPRODDR-PROD-INT-SOUTH-RG,usgovtexas,3,Linux,Compute,Standard_A4_v2,F4,,3,4,VAAFIPREPROD2_AS_SAM350,0,3,,D1_v2 D11_v2 D12_v2 D13_v2 D14_v2 D15_v2 D2_v2 D3_v2 D4_v2 D5_v2,F1 F16 F2 F4 F8,,,,
VAAZTIAMFPS351,PREPROD-GOV-INTERNAL,VAAFIPREPRODDR-PROD-INT-SOUTH-RG,usgovtexas,4,Linux,Compute,Standard_A4_v2,F4,,3,4,VAAFIPREPROD2_AS_SAM350,1,4,,D1_v2 D11_v2 D12_v2 D13_v2 D14_v2 D15_v2 D2_v2 D3_v2 D4_v2 D5_v2,F1 F16 F2 F4 F8,,,,
VAAZTIAMFRP350,PREPROD-GOV-INTERNAL,VAAFIPREPRODDR-PROD-INT-SOUTH-RG,usgovtexas,3,Linux,Compute,Standard_A4_v2,F4,,3,4,VAAFIPREPROD2_AS_SAM350,1,6,,D1_v2 D11_v2 D12_v2 D13_v2 D14_v2 D15_v2 D2_v2 D3_v2 D4_v2 D5_v2,F1 F16 F2 F4 F8,,,,
VAAZTIAMFRP351,PREPROD-GOV-INTERNAL,VAAFIPREPRODDR-PROD-INT-SOUTH-RG,usgovtexas,4,Linux,Compute,Standard_A4_v2,F4,,3,4,VAAFIPREPROD2_AS_SAM350,0,5,,D1_v2 D11_v2 D12_v2 D13_v2 D14_v2 D15_v2 D2_v2 D3_v2 D4_v2 D5_v2,F1 F16 F2 F4 F8,,,,
VAAZTIAMLDS300,PREPROD-GOV-INTERNAL,ACSPREPRODDR-PROD-INT-SOUTH-RG,usgovtexas,1,Windows,General,Standard_A4_v2,D4s_v3,Windows_Server,1,4,,,,,,,,,,
VAAZTIAMLDS301,PREPROD-GOV-INTERNAL,ACSPREPRODDR-PROD-INT-SOUTH-RG,usgovtexas,1,Windows,General,Standard_A4_v2,D4s_v3,Windows_Server,1,4,,,,,,,,,,
VAAZTIAMLDS302,PREPROD-GOV-INTERNAL,ACSPREPRODDR-PROD-INT-SOUTH-RG,usgovtexas,2,Windows,General,Standard_A4_v2,D4s_v3,Windows_Server,1,4,,,,,,,,,,
VAAZTIAMPDP300,PREPROD-GOV-INTERNAL,ACSPREPRODDR-PROD-INT-SOUTH-RG,usgovtexas,1,Windows,Compute,Standard_A4_v2,F4,Windows_Server,1,4,ACSPREPROD2_AS_PDP300,1,1,,D1_v2 D11_v2 D12_v2 D13_v2 D14_v2 D15_v2 D2_v2 D3_v2 D4_v2 D5_v2,F1 F16 F2 F4 F8,,,,
VAAZTIAMPDP301,PREPROD-GOV-INTERNAL,ACSPREPRODDR-PROD-INT-SOUTH-RG,usgovtexas,2,Windows,Compute,Standard_A4_v2,F4,Windows_Server,1,4,ACSPREPROD2_AS_PDP300,0,0,,D1_v2 D11_v2 D12_v2 D13_v2 D14_v2 D15_v2 D2_v2 D3_v2 D4_v2 D5_v2,F1 F16 F2 F4 F8,,,,
VAAZTIAMPPS350,PREPROD-GOV-INTERNAL,VAAFIPREPRODDR-PROD-INT-SOUTH-RG,usgovtexas,3,Linux,Compute,Standard_A4_v2,F4,,3,4,VAAFIPREPROD2_AS_SAM350,1,13,,D1_v2 D11_v2 D12_v2 D13_v2 D14_v2 D15_v2 D2_v2 D3_v2 D4_v2 D5_v2,F1 F16 F2 F4 F8,,,,
VAAZTIAMPPS351,PREPROD-GOV-INTERNAL,VAAFIPREPRODDR-PROD-INT-SOUTH-RG,usgovtexas,4,Linux,Compute,Standard_A4_v2,F4,,3,4,VAAFIPREPROD2_AS_SAM350,0,12,,D1_v2 D11_v2 D12_v2 D13_v2 D14_v2 D15_v2 D2_v2 D3_v2 D4_v2 D5_v2,F1 F16 F2 F4 F8,,,,
VAAZTIAMPRP350,PREPROD-GOV-INTERNAL,VAAFIPREPRODDR-PROD-INT-SOUTH-RG,usgovtexas,3,Linux,Compute,Standard_A4_v2,F4,,3,4,VAAFIPREPROD2_AS_SAM350,1,15,,D1_v2 D11_v2 D12_v2 D13_v2 D14_v2 D15_v2 D2_v2 D3_v2 D4_v2 D5_v2,F1 F16 F2 F4 F8,,,,
VAAZTIAMPRP351,PREPROD-GOV-INTERNAL,VAAFIPREPRODDR-PROD-INT-SOUTH-RG,usgovtexas,4,Linux,Compute,Standard_A4_v2,F4,,3,4,VAAFIPREPROD2_AS_SAM350,0,14,,D1_v2 D11_v2 D12_v2 D13_v2 D14_v2 D15_v2 D2_v2 D3_v2 D4_v2 D5_v2,F1 F16 F2 F4 F8,,,,
VAAZTIAMPTA300,PREPROD-GOV-INTERNAL,ACSPREPRODDR-PROD-INT-SOUTH-RG,usgovtexas,3,Windows,,Standard_A4m_v2,N/A,Windows_Server,1,4,,,,,,,,$True,,
VAAZTIAMPTA301,PREPROD-GOV-INTERNAL,ACSPREPRODDR-PROD-INT-SOUTH-RG,usgovtexas,3,Windows,,Standard_A4m_v2,N/A,Windows_Server,1,4,,,,,,,,$True,,
VAAZTIAMPTA302,PREPROD-GOV-INTERNAL,ACSPREPRODDR-PROD-INT-SOUTH-RG,usgovtexas,4,Windows,,Standard_A4m_v2,N/A,Windows_Server,1,4,,,,,,,,$True,,
VAAZTIAMPTA303,PREPROD-GOV-INTERNAL,ACSPREPRODDR-PROD-INT-SOUTH-RG,usgovtexas,4,Windows,,Standard_A4m_v2,N/A,Windows_Server,1,4,,,,,,,,$True,,
VAAZTIAMSPS300,PREPROD-GOV-INTERNAL,ACSPREPRODDR-PROD-INT-SOUTH-RG,usgovtexas,3,Windows,Compute,Standard_A4_v2,F4,Windows_Server,1,4,ACSPREPROD2_AS_SPS300,0,0,,D1_v2 D11_v2 D12_v2 D13_v2 D14_v2 D15_v2 D2_v2 D3_v2 D4_v2 D5_v2,F1 F16 F2 F4 F8,,,,
VAAZTIAMSPS301,PREPROD-GOV-INTERNAL,ACSPREPRODDR-PROD-INT-SOUTH-RG,usgovtexas,4,Windows,Compute,Standard_A4_v2,F4,Windows_Server,1,4,ACSPREPROD2_AS_SPS300,1,1,,D1_v2 D11_v2 D12_v2 D13_v2 D14_v2 D15_v2 D2_v2 D3_v2 D4_v2 D5_v2,F1 F16 F2 F4 F8,,,,
VAAZTIAMSPS350,PREPROD-GOV-INTERNAL,VAAFIPREPRODDR-PROD-INT-SOUTH-RG,usgovtexas,3,Linux,Compute,Standard_A4_v2,F4,,3,4,VAAFIPREPROD2_AS_SAM350,0,1,,D1_v2 D11_v2 D12_v2 D13_v2 D14_v2 D15_v2 D2_v2 D3_v2 D4_v2 D5_v2,F1 F16 F2 F4 F8,,,,
VAAZTIAMSPS351,PREPROD-GOV-INTERNAL,VAAFIPREPRODDR-PROD-INT-SOUTH-RG,usgovtexas,4,Linux,Compute,Standard_A4_v2,F4,,3,4,VAAFIPREPROD2_AS_SAM350,1,2,,D1_v2 D11_v2 D12_v2 D13_v2 D14_v2 D15_v2 D2_v2 D3_v2 D4_v2 D5_v2,F1 F16 F2 F4 F8,,,,
VAAZTIAMSRP350,PREPROD-GOV-INTERNAL,VAAFIPREPRODDR-PROD-INT-SOUTH-RG,usgovtexas,1,Linux,Compute,Standard_A4_v2,F4,,3,4,VAAFIPREPROD2_AS_SAM350,1,1,,D1_v2 D11_v2 D12_v2 D13_v2 D14_v2 D15_v2 D2_v2 D3_v2 D4_v2 D5_v2,F1 F16 F2 F4 F8,,,,
VAAZTIAMSRP351,PREPROD-GOV-INTERNAL,VAAFIPREPRODDR-PROD-INT-SOUTH-RG,usgovtexas,1,Linux,Compute,Standard_A4_v2,F4,,3,4,VAAFIPREPROD2_AS_SAM350,0,0,,D1_v2 D11_v2 D12_v2 D13_v2 D14_v2 D15_v2 D2_v2 D3_v2 D4_v2 D5_v2,F1 F16 F2 F4 F8,,,,
VAAZTIAMSRP352,PREPROD-GOV-INTERNAL,VAAFIPREPRODDR-PROD-INT-SOUTH-RG,usgovtexas,1,Linux,Compute,Standard_A4_v2,F4,,3,4,VAAFIPREPROD2_AS_SAM350,1,3,,D1_v2 D11_v2 D12_v2 D13_v2 D14_v2 D15_v2 D2_v2 D3_v2 D4_v2 D5_v2,F1 F16 F2 F4 F8,,,,
VAAZTIAMSRP353,PREPROD-GOV-INTERNAL,VAAFIPREPRODDR-PROD-INT-SOUTH-RG,usgovtexas,2,Linux,Compute,Standard_A4_v2,F4,,3,4,VAAFIPREPROD2_AS_SAM350,0,2,,D1_v2 D11_v2 D12_v2 D13_v2 D14_v2 D15_v2 D2_v2 D3_v2 D4_v2 D5_v2,F1 F16 F2 F4 F8,,,,
VAAZTIAMSRP354,PREPROD-GOV-INTERNAL,VAAFIPREPRODDR-PROD-INT-SOUTH-RG,usgovtexas,2,Linux,Compute,Standard_A4_v2,F4,,3,4,VAAFIPREPROD2_AS_SAM350,0,8,,D1_v2 D11_v2 D12_v2 D13_v2 D14_v2 D15_v2 D2_v2 D3_v2 D4_v2 D5_v2,F1 F16 F2 F4 F8,,,,
VAAZTIAMSRP355,PREPROD-GOV-INTERNAL,VAAFIPREPRODDR-PROD-INT-SOUTH-RG,usgovtexas,2,Linux,Compute,Standard_A4_v2,F4,,3,4,VAAFIPREPROD2_AS_SAM350,0,4,,D1_v2 D11_v2 D12_v2 D13_v2 D14_v2 D15_v2 D2_v2 D3_v2 D4_v2 D5_v2,F1 F16 F2 F4 F8,,,,
VAAZTIAMSRP356,PREPROD-GOV-INTERNAL,VAAFIPREPRODDR-PROD-INT-SOUTH-RG,usgovtexas,3,Linux,Compute,Standard_A4_v2,F4,,3,4,VAAFIPREPROD2_AS_SAM350,0,10,,D1_v2 D11_v2 D12_v2 D13_v2 D14_v2 D15_v2 D2_v2 D3_v2 D4_v2 D5_v2,F1 F16 F2 F4 F8,,,,
VAAZTIAMSRP357,PREPROD-GOV-INTERNAL,VAAFIPREPRODDR-PROD-INT-SOUTH-RG,usgovtexas,3,Linux,Compute,Standard_A4_v2,F4,,3,4,VAAFIPREPROD2_AS_SAM350,1,7,,D1_v2 D11_v2 D12_v2 D13_v2 D14_v2 D15_v2 D2_v2 D3_v2 D4_v2 D5_v2,F1 F16 F2 F4 F8,,,,
VAAZTIAMSRP358,PREPROD-GOV-INTERNAL,VAAFIPREPRODDR-PROD-INT-SOUTH-RG,usgovtexas,3,Linux,Compute,Standard_A4_v2,F4,,3,4,VAAFIPREPROD2_AS_SAM350,1,9,,D1_v2 D11_v2 D12_v2 D13_v2 D14_v2 D15_v2 D2_v2 D3_v2 D4_v2 D5_v2,F1 F16 F2 F4 F8,,,,
VAAZTIAMSRP359,PREPROD-GOV-INTERNAL,VAAFIPREPRODDR-PROD-INT-SOUTH-RG,usgovtexas,4,Linux,Compute,Standard_A4_v2,F4,,3,4,VAAFIPREPROD2_AS_SAM350,1,11,,D1_v2 D11_v2 D12_v2 D13_v2 D14_v2 D15_v2 D2_v2 D3_v2 D4_v2 D5_v2,F1 F16 F2 F4 F8,,,,
VAAZTIAMSRP360,PREPROD-GOV-INTERNAL,VAAFIPREPRODDR-PROD-INT-SOUTH-RG,usgovtexas,4,Linux,Compute,Standard_A4_v2,F4,,3,4,VAAFIPREPROD2_AS_SAM350,1,5,,D1_v2 D11_v2 D12_v2 D13_v2 D14_v2 D15_v2 D2_v2 D3_v2 D4_v2 D5_v2,F1 F16 F2 F4 F8,,,,
VAAZTIAMSRP361,PREPROD-GOV-INTERNAL,VAAFIPREPRODDR-PROD-INT-SOUTH-RG,usgovtexas,4,Linux,Compute,Standard_A4_v2,F4,,3,4,VAAFIPREPROD2_AS_SAM350,0,6,,D1_v2 D11_v2 D12_v2 D13_v2 D14_v2 D15_v2 D2_v2 D3_v2 D4_v2 D5_v2,F1 F16 F2 F4 F8,,,,
VAAZTIAMSSO300,PREPROD-GOV-INTERNAL,ACSPREPRODDR-PROD-INT-SOUTH-RG,usgovtexas,1,Linux,Compute,Standard_A2_v2,F2,,1,4,ACSPREPROD2_AS_SSO300,1,1,,D1_v2 D11_v2 D12_v2 D13_v2 D14_v2 D15_v2 D2_v2 D3_v2 D4_v2 D5_v2,F1 F16 F2 F4 F8,,,,
VAAZTIAMSSO301,PREPROD-GOV-INTERNAL,ACSPREPRODDR-PROD-INT-SOUTH-RG,usgovtexas,2,Linux,Compute,Standard_A2_v2,F2,,1,4,ACSPREPROD2_AS_SSO300,0,0,,D1_v2 D11_v2 D12_v2 D13_v2 D14_v2 D15_v2 D2_v2 D3_v2 D4_v2 D5_v2,F1 F16 F2 F4 F8,,,,
VAAZTIAMTPM300,PREPROD-GOV-INTERNAL,ACSPREPRODDR-PROD-INT-SOUTH-RG,usgovtexas,1,Linux,,Standard_A4_v2,N/A,,1,4,ACSPREPROD2_AS_TPM300,0,0,,D1_v2 D11_v2 D12_v2 D13_v2 D14_v2 D15_v2 D2_v2 D3_v2 D4_v2 D5_v2,F1 F16 F2 F4 F8,,$True,,Confirmed not resizing
VAAZTIAMTPM301,PREPROD-GOV-INTERNAL,ACSPREPRODDR-PROD-INT-SOUTH-RG,usgovtexas,2,Linux,,Standard_A4_v2,N/A,,1,4,ACSPREPROD2_AS_TPM300,1,1,,D1_v2 D11_v2 D12_v2 D13_v2 D14_v2 D15_v2 D2_v2 D3_v2 D4_v2 D5_v2,F1 F16 F2 F4 F8,,$True,,Confirmed not resizing
VAAZTIAMUTL300,PREPROD-GOV-INTERNAL,ACSPREPRODDR-PROD-INT-SOUTH-RG,usgovtexas,3,Windows,General,Standard_A4_v2,D4s_v3,Windows_Server,1,4,,,,,,,,,,
VAAZTIAMWEB300,PREPROD-GOV-INTERNAL,ACSPREPRODDR-PROD-INT-SOUTH-RG,usgovtexas,1,Windows,Compute,Standard_A4_v2,F4,Windows_Server,1,4,ACSPREPROD2_AS_WEB300_CL,0,0,,D1_v2 D11_v2 D12_v2 D13_v2 D14_v2 D15_v2 D2_v2 D3_v2 D4_v2 D5_v2,F1 F16 F2 F4 F8,,,,
VAAZTIAMWEB301,PREPROD-GOV-INTERNAL,ACSPREPRODDR-PROD-INT-SOUTH-RG,usgovtexas,2,Windows,Compute,Standard_A4_v2,F4,Windows_Server,1,4,ACSPREPROD2_AS_WEB300_CL,1,1,,D1_v2 D11_v2 D12_v2 D13_v2 D14_v2 D15_v2 D2_v2 D3_v2 D4_v2 D5_v2,F1 F16 F2 F4 F8,,,,
VAAZTIAMWEB302,PREPROD-GOV-INTERNAL,ACSPREPRODDR-PROD-INT-SOUTH-RG,usgovtexas,1,Windows,Compute,Standard_A4_v2,F4,Windows_Server,1,4,ACSPREPROD2_AS_WEB300_CL,0,1,,D1_v2 D11_v2 D12_v2 D13_v2 D14_v2 D15_v2 D2_v2 D3_v2 D4_v2 D5_v2,F1 F16 F2 F4 F8,,,,
VAAZTIAMWEB303,PREPROD-GOV-INTERNAL,ACSPREPRODDR-PROD-INT-SOUTH-RG,usgovtexas,2,Windows,Compute,Standard_A4_v2,F4,Windows_Server,1,4,ACSPREPROD2_AS_WEB300_PIV,0,0,,D1_v2 D11_v2 D12_v2 D13_v2 D14_v2 D15_v2 D2_v2 D3_v2 D4_v2 D5_v2,F1 F16 F2 F4 F8,,,,
VAAZTIAMWEB304,PREPROD-GOV-INTERNAL,ACSPREPRODDR-PROD-INT-SOUTH-RG,usgovtexas,1,Windows,Compute,Standard_A4_v2,F4,Windows_Server,1,4,ACSPREPROD2_AS_WEB300_PIV,1,1,,D1_v2 D11_v2 D12_v2 D13_v2 D14_v2 D15_v2 D2_v2 D3_v2 D4_v2 D5_v2,F1 F16 F2 F4 F8,,,,
VAAZTIAMWEB308,PREPROD-GOV-INTERNAL,ACSPREPRODDR-PROD-INT-SOUTH-RG,usgovtexas,1,Windows,Compute,Standard_A4_v2,F4,Windows_Server,1,4,ACSPREPROD2_AS_WEB300_SAML,0,0,,D1_v2 D11_v2 D12_v2 D13_v2 D14_v2 D15_v2 D2_v2 D3_v2 D4_v2 D5_v2,F1 F16 F2 F4 F8,,,,
VAAZTIAMWEB309,PREPROD-GOV-INTERNAL,ACSPREPRODDR-PROD-INT-SOUTH-RG,usgovtexas,2,Windows,Compute,Standard_A4_v2,F4,Windows_Server,1,4,ACSPREPROD2_AS_WEB300_SAML,1,1,,D1_v2 D11_v2 D12_v2 D13_v2 D14_v2 D15_v2 D2_v2 D3_v2 D4_v2 D5_v2,F1 F16 F2 F4 F8,,,,
VAAZTIAMWEB310,PREPROD-GOV-INTERNAL,ACSPREPRODDR-PROD-INT-SOUTH-RG,usgovtexas,1,Windows,Compute,Standard_A4_v2,F4,Windows_Server,1,4,ACSPREPROD2_AS_WEB300_UNAUTHAMS,0,0,,D1_v2 D11_v2 D12_v2 D13_v2 D14_v2 D15_v2 D2_v2 D3_v2 D4_v2 D5_v2,F1 F16 F2 F4 F8,,,,
VAAZTIAMWEB311,PREPROD-GOV-INTERNAL,ACSPREPRODDR-PROD-INT-SOUTH-RG,usgovtexas,2,Windows,Compute,Standard_A4_v2,F4,Windows_Server,1,4,ACSPREPROD2_AS_WEB300_UNAUTHAMS,1,1,,D1_v2 D11_v2 D12_v2 D13_v2 D14_v2 D15_v2 D2_v2 D3_v2 D4_v2 D5_v2,F1 F16 F2 F4 F8,,,,
VAAZTIAMWEB312,PREPROD-GOV-INTERNAL,ACSPREPRODDR-PROD-INT-SOUTH-RG,usgovtexas,1,Windows,Compute,Standard_A4_v2,F4,Windows_Server,1,4,ACSPREPROD2_AS_WEB300_SAML,0,1,,D1_v2 D11_v2 D12_v2 D13_v2 D14_v2 D15_v2 D2_v2 D3_v2 D4_v2 D5_v2,F1 F16 F2 F4 F8,,,,
VAAZTIAMWEB313,PREPROD-GOV-INTERNAL,ACSPREPRODDR-PROD-INT-SOUTH-RG,usgovtexas,2,Windows,Compute,Standard_A4_v2,F4,Windows_Server,1,4,ACSPREPROD2_AS_WEB300_PIV,1,0,,D1_v2 D11_v2 D12_v2 D13_v2 D14_v2 D15_v2 D2_v2 D3_v2 D4_v2 D5_v2,F1 F16 F2 F4 F8,,,,
VAAZTIAMWEB314,PREPROD-GOV-INTERNAL,ACSPREPRODDR-PROD-INT-SOUTH-RG,usgovtexas,1,Windows,Compute,Standard_A4_v2,F4,Windows_Server,1,4,ACSPREPROD2_AS_WEB300_CL,1,0,,D1_v2 D11_v2 D12_v2 D13_v2 D14_v2 D15_v2 D2_v2 D3_v2 D4_v2 D5_v2,F1 F16 F2 F4 F8,,,,
VAAZTIAMWEB315,PREPROD-GOV-INTERNAL,ACSPREPRODDR-PROD-INT-SOUTH-RG,usgovtexas,2,Windows,Compute,Standard_A4_v2,F4,Windows_Server,1,4,ACSPREPROD2_AS_WEB300_SAML,1,0,,D1_v2 D11_v2 D12_v2 D13_v2 D14_v2 D15_v2 D2_v2 D3_v2 D4_v2 D5_v2,F1 F16 F2 F4 F8,,,,
VAAZVIAM2K12300,PREPROD-GOV-INTERNAL,ACSPREPROD-PREPROD-INT-EAST-RG,usgovvirginia,N/A,Windows,,Standard_A4_v2,N/A,Windows_Server,1,4,,,,,,,,$True,,Deleting
VAAZVIAMAPP300,PREPROD-GOV-INTERNAL,ACSPREPROD-PREPROD-INT-EAST-RG,usgovvirginia,1,Windows,Compute,Standard_A4_v2,F4,Windows_Server,1,4,ACSPREPROD_AS_APP300_VALOGON,1,1,,D1_v2 D11_v2 D12_v2 D13_v2 D14_v2 D15_v2 D2_v2 D3_v2 D4_v2 D5_v2,F1 F16 F2 F4 F8,,,,
VAAZVIAMAPP301,PREPROD-GOV-INTERNAL,ACSPREPROD-PREPROD-INT-EAST-RG,usgovvirginia,2,Windows,Compute,Standard_A4_v2,F4,Windows_Server,1,4,ACSPREPROD_AS_APP300_VALOGON,0,0,,D1_v2 D11_v2 D12_v2 D13_v2 D14_v2 D15_v2 D2_v2 D3_v2 D4_v2 D5_v2,F1 F16 F2 F4 F8,,,,
VAAZVIAMAPP304,PREPROD-GOV-INTERNAL,ACSPREPROD-PREPROD-INT-EAST-RG,usgovvirginia,1,Windows,Compute,Standard_A4_v2,F4,Windows_Server,1,4,ACSPREPROD_AS_APP300_ESIG,0,0,,D1_v2 D11_v2 D12_v2 D13_v2 D14_v2 D15_v2 D2_v2 D3_v2 D4_v2 D5_v2,F1 F16 F2 F4 F8,,,,
VAAZVIAMAPP305,PREPROD-GOV-INTERNAL,ACSPREPROD-PREPROD-INT-EAST-RG,usgovvirginia,2,Windows,Compute,Standard_A4_v2,F4,Windows_Server,1,4,ACSPREPROD_AS_APP300_ESIG,1,1,,D1_v2 D11_v2 D12_v2 D13_v2 D14_v2 D15_v2 D2_v2 D3_v2 D4_v2 D5_v2,F1 F16 F2 F4 F8,,,,
VAAZVIAMAPP306,PREPROD-GOV-INTERNAL,ACSPREPROD-PREPROD-INT-EAST-RG,usgovvirginia,1,Windows,Compute,Standard_A8_v2,F8,Windows_Server,1,4,ACSPREPROD_AS_APP300_AMS-VDT,0,0,,D1_v2 D11_v2 D12_v2 D13_v2 D14_v2 D15_v2 D2_v2 D3_v2 D4_v2 D5_v2,F1 F16 F2 F4 F8,,,,
VAAZVIAMAPP307,PREPROD-GOV-INTERNAL,ACSPREPROD-PREPROD-INT-EAST-RG,usgovvirginia,2,Windows,Compute,Standard_A8_v2,F8,Windows_Server,1,4,ACSPREPROD_AS_APP300_AMS-VDT,1,1,,D1_v2 D11_v2 D12_v2 D13_v2 D14_v2 D15_v2 D2_v2 D3_v2 D4_v2 D5_v2,F1 F16 F2 F4 F8,,,,
VAAZVIAMAPP310,PREPROD-GOV-INTERNAL,ACSPREPROD-PREPROD-INT-EAST-RG,usgovvirginia,3,Linux,Compute,Standard_A2_v2,F2,,1,4,ACSPREPROD_AS_APP300_SSO,0,0,,D1_v2 D11_v2 D12_v2 D13_v2 D14_v2 D15_v2 D2_v2 D3_v2 D4_v2 D5_v2,F1 F16 F2 F4 F8,,,,
VAAZVIAMAPP375,PREPROD-GOV-INTERNAL,VHICPREPROD-PREPROD-INT-EAST-RG,usgovvirginia,2,Linux,General,Standard_A8_v2,D4,,1,4,VHICPREPROD_AS_APP375,0,0,D1 D11 D12 D13 D14 D2 D3 D4 DS1 DS11 DS12 DS13 DS14 DS2 DS3 DS4,,,,,,
VAAZVIAMAPP376,PREPROD-GOV-INTERNAL,VHICPREPROD-PREPROD-INT-EAST-RG,usgovvirginia,1,Linux,General,Standard_A8_v2,D4,,1,4,VHICPREPROD_AS_APP375,1,1,D1 D11 D12 D13 D14 D2 D3 D4 DS1 DS11 DS12 DS13 DS14 DS2 DS3 DS4,,,,,,
VAAZVIAMASM300,PREPROD-GOV-INTERNAL,ACSPREPROD-PREPROD-INT-EAST-RG,usgovvirginia,1,Windows,General,Standard_A4_v2,D4s_v3,Windows_Server,1,4,,,,,,,,,,
vaazviamfam375,PREPROD-GOV-INTERNAL,VHICPREPROD-PREPROD-INT-EAST-RG,usgovvirginia,3,Linux,General,Standard_A8_v2,D8sv3,,1,4,,,,,,,,,,
vaazviamfog375,PREPROD-GOV-INTERNAL,VHICPREPROD-PREPROD-INT-EAST-RG,usgovvirginia,4,Linux,General,Standard_A8_v2,D8sv3,,1,4,,,,,,,,,,
VAAZVIAMFPS350,PREPROD-GOV-INTERNAL,VAAFIPREPROD-PREPROD-INT-EAST-RG,usgovvirginia,3,Linux,Compute,Standard_A4_v2,F4s,,3,4,VAAFIPREPROD_AS_SAM350_PS,0,2,,D1_v2 D11_v2 D12_v2 D13_v2 D14_v2 D2_v2 D3_v2 D4_v2 D5_v2 DS1_v2 DS11_v2 DS11-1_v2 DS12_v2 DS12-1_v2 DS12-2_v2 DS13_v2 DS13-2_v2 DS13-4_v2 DS14_v2 DS14-4_v2 DS14-8_v2 DS2_v2 DS3_v2 DS4_v2 DS5_v2,F1 F16 F16s F1s F2 F2s F4 F4s F8 F8s,D16_v3 D16s_v3 D2_v3 D2s_v3 D32_v3 D32s_v3 D4_v3 D4s_v3 D64_v3 D64s_v3 D8_v3 D8s_v3,,,
VAAZVIAMFPS351,PREPROD-GOV-INTERNAL,VAAFIPREPROD-PREPROD-INT-EAST-RG,usgovvirginia,4,Linux,Compute,Standard_A4_v2,F4s,,3,4,VAAFIPREPROD_AS_SAM350_PS,1,3,,D1_v2 D11_v2 D12_v2 D13_v2 D14_v2 D2_v2 D3_v2 D4_v2 D5_v2 DS1_v2 DS11_v2 DS11-1_v2 DS12_v2 DS12-1_v2 DS12-2_v2 DS13_v2 DS13-2_v2 DS13-4_v2 DS14_v2 DS14-4_v2 DS14-8_v2 DS2_v2 DS3_v2 DS4_v2 DS5_v2,F1 F16 F16s F1s F2 F2s F4 F4s F8 F8s,D16_v3 D16s_v3 D2_v3 D2s_v3 D32_v3 D32s_v3 D4_v3 D4s_v3 D64_v3 D64s_v3 D8_v3 D8s_v3,,,
VAAZVIAMFRP350,PREPROD-GOV-INTERNAL,VAAFIPREPROD-PREPROD-INT-EAST-RG,usgovvirginia,3,Linux,Compute,Standard_A4_v2,F4s,,3,4,VAAFIPREPROD_AS_SAM350_WS,1,6,,D1_v2 D11_v2 D12_v2 D13_v2 D14_v2 D2_v2 D3_v2 D4_v2 D5_v2 DS1_v2 DS11_v2 DS11-1_v2 DS12_v2 DS12-1_v2 DS12-2_v2 DS13_v2 DS13-2_v2 DS13-4_v2 DS14_v2 DS14-4_v2 DS14-8_v2 DS2_v2 DS3_v2 DS4_v2 DS5_v2,F1 F16 F16s F1s F2 F2s F4 F4s F8 F8s,D16_v3 D16s_v3 D2_v3 D2s_v3 D32_v3 D32s_v3 D4_v3 D4s_v3 D64_v3 D64s_v3 D8_v3 D8s_v3,,,
VAAZVIAMFRP351,PREPROD-GOV-INTERNAL,VAAFIPREPROD-PREPROD-INT-EAST-RG,usgovvirginia,4,Linux,Compute,Standard_A4_v2,F4s,,3,4,VAAFIPREPROD_AS_SAM350_WS,0,5,,D1_v2 D11_v2 D12_v2 D13_v2 D14_v2 D2_v2 D3_v2 D4_v2 D5_v2 DS1_v2 DS11_v2 DS11-1_v2 DS12_v2 DS12-1_v2 DS12-2_v2 DS13_v2 DS13-2_v2 DS13-4_v2 DS14_v2 DS14-4_v2 DS14-8_v2 DS2_v2 DS3_v2 DS4_v2 DS5_v2,F1 F16 F16s F1s F2 F2s F4 F4s F8 F8s,D16_v3 D16s_v3 D2_v3 D2s_v3 D32_v3 D32s_v3 D4_v3 D4s_v3 D64_v3 D64s_v3 D8_v3 D8s_v3,,,
VAAZVIAMLDP350,PREPROD-GOV-INTERNAL,VAAFIPREPROD-PREPROD-INT-EAST-RG,usgovvirginia,2,Linux,General,Standard_A4_v2,DS3,,1,4,VAAFIPREPROD_AS_LDP350,0,2,D1 D11 D12 D13 D14 D2 D3 D4 DS1 DS11 DS12 DS13 DS14 DS2 DS3 DS4,,,,,,
VAAZVIAMLDP351,PREPROD-GOV-INTERNAL,VAAFIPREPROD-PREPROD-INT-EAST-RG,usgovvirginia,1,Linux,General,Standard_A4_v2,DS3,,1,4,VAAFIPREPROD_AS_LDP350,1,1,D1 D11 D12 D13 D14 D2 D3 D4 DS1 DS11 DS12 DS13 DS14 DS2 DS3 DS4,,,,,,
VAAZVIAMLDP352,PREPROD-GOV-INTERNAL,VAAFIPREPROD-PREPROD-INT-EAST-RG,usgovvirginia,2,Linux,General,Standard_A4_v2,DS3,,1,4,VAAFIPREPROD_AS_LDP350,0,0,D1 D11 D12 D13 D14 D2 D3 D4 DS1 DS11 DS12 DS13 DS14 DS2 DS3 DS4,,,,,,
VAAZVIAMLDP353,PREPROD-GOV-INTERNAL,VAAFIPREPROD-PREPROD-INT-EAST-RG,usgovvirginia,1,Linux,General,Standard_A4_v2,DS3,,1,4,VAAFIPREPROD_AS_LDP350,1,3,D1 D11 D12 D13 D14 D2 D3 D4 DS1 DS11 DS12 DS13 DS14 DS2 DS3 DS4,,,,,,
VAAZVIAMLDS300,PREPROD-GOV-INTERNAL,ACSPREPROD-PREPROD-INT-EAST-RG,usgovvirginia,1,Windows,General,Standard_A4_v2,D4s_v3,Windows_Server,1,4,,,,,,,,,,
VAAZVIAMLDS301,PREPROD-GOV-INTERNAL,ACSPREPROD-PREPROD-INT-EAST-RG,usgovvirginia,1,Windows,General,Standard_A4_v2,D4s_v3,Windows_Server,1,4,,,,,,,,,,
VAAZVIAMLDS302,PREPROD-GOV-INTERNAL,ACSPREPROD-PREPROD-INT-EAST-RG,usgovvirginia,2,Windows,General,Standard_A4_v2,D4s_v3,Windows_Server,1,4,,,,,,,,,,
VAAZVIAMMAN300,PREPROD-GOV-INTERNAL,VAAFIPREPROD-PREPROD-INT-EAST-RG,usgovvirginia,4,Windows,General,Standard_A8_v2,D8sv3,Windows_Server,1,4,,,,,,,,,,
VAAZVIAMPDP300,PREPROD-GOV-INTERNAL,ACSPREPROD-PREPROD-INT-EAST-RG,usgovvirginia,1,Windows,General,Standard_A4_v2,DS3,Windows_Server,1,4,ACSPREPROD_AS_PDP300,1,1,D1 D11 D12 D13 D14 D2 D3 D4 DS1 DS11 DS12 DS13 DS14 DS2 DS3 DS4,,,,,,
VAAZVIAMPDP301,PREPROD-GOV-INTERNAL,ACSPREPROD-PREPROD-INT-EAST-RG,usgovvirginia,2,Windows,General,Standard_A4_v2,DS3,Windows_Server,1,4,ACSPREPROD_AS_PDP300,0,0,D1 D11 D12 D13 D14 D2 D3 D4 DS1 DS11 DS12 DS13 DS14 DS2 DS3 DS4,,,,,,
VAAZVIAMPKDM350,PREPROD-GOV-INTERNAL,VAAFIPREPROD-PREPROD-INT-EAST-RG,usgovvirginia,3,Linux,General,Standard_A4_v2,D4s_v3,,1,4,VAAFIPREPROD_AS_FIM350,1,5,,D1_v2 D11_v2 D12_v2 D13_v2 D14_v2 D2_v2 D3_v2 D4_v2 D5_v2 DS1_v2 DS11_v2 DS11-1_v2 DS12_v2 DS12-1_v2 DS12-2_v2 DS13_v2 DS13-2_v2 DS13-4_v2 DS14_v2 DS14-4_v2 DS14-8_v2 DS2_v2 DS3_v2 DS4_v2 DS5_v2,F1 F16 F16s F1s F2 F2s F4 F4s F8 F8s,D16_v3 D16s_v3 D2_v3 D2s_v3 D32_v3 D32s_v3 D4_v3 D4s_v3 D64_v3 D64s_v3 D8_v3 D8s_v3,,,
VAAZVIAMPKFM350,PREPROD-GOV-INTERNAL,VAAFIPREPROD-PREPROD-INT-EAST-RG,usgovvirginia,3,Linux,General,Standard_A4_v2,D4s_v3,,1,4,VAAFIPREPROD_AS_FIM350,0,6,,D1_v2 D11_v2 D12_v2 D13_v2 D14_v2 D2_v2 D3_v2 D4_v2 D5_v2 DS1_v2 DS11_v2 DS11-1_v2 DS12_v2 DS12-1_v2 DS12-2_v2 DS13_v2 DS13-2_v2 DS13-4_v2 DS14_v2 DS14-4_v2 DS14-8_v2 DS2_v2 DS3_v2 DS4_v2 DS5_v2,F1 F16 F16s F1s F2 F2s F4 F4s F8 F8s,D16_v3 D16s_v3 D2_v3 D2s_v3 D32_v3 D32s_v3 D4_v3 D4s_v3 D64_v3 D64s_v3 D8_v3 D8s_v3,,,
VAAZVIAMPKFM351,PREPROD-GOV-INTERNAL,VAAFIPREPROD-PREPROD-INT-EAST-RG,usgovvirginia,4,Linux,General,Standard_A4_v2,D4s_v3,,1,4,VAAFIPREPROD_AS_FIM350,1,7,,D1_v2 D11_v2 D12_v2 D13_v2 D14_v2 D2_v2 D3_v2 D4_v2 D5_v2 DS1_v2 DS11_v2 DS11-1_v2 DS12_v2 DS12-1_v2 DS12-2_v2 DS13_v2 DS13-2_v2 DS13-4_v2 DS14_v2 DS14-4_v2 DS14-8_v2 DS2_v2 DS3_v2 DS4_v2 DS5_v2,F1 F16 F16s F1s F2 F2s F4 F4s F8 F8s,D16_v3 D16s_v3 D2_v3 D2s_v3 D32_v3 D32s_v3 D4_v3 D4s_v3 D64_v3 D64s_v3 D8_v3 D8s_v3,,,
VAAZVIAMPPS350,PREPROD-GOV-INTERNAL,VAAFIPREPROD-PREPROD-INT-EAST-RG,usgovvirginia,1,Linux,Compute,Standard_A4_v2,F4s,,3,4,VAAFIPREPROD_AS_SAM350_PKI-PS,0,0,,D1_v2 D11_v2 D12_v2 D13_v2 D14_v2 D2_v2 D3_v2 D4_v2 D5_v2 DS1_v2 DS11_v2 DS11-1_v2 DS12_v2 DS12-1_v2 DS12-2_v2 DS13_v2 DS13-2_v2 DS13-4_v2 DS14_v2 DS14-4_v2 DS14-8_v2 DS2_v2 DS3_v2 DS4_v2 DS5_v2,F1 F16 F16s F1s F2 F2s F4 F4s F8 F8s,D16_v3 D16s_v3 D2_v3 D2s_v3 D32_v3 D32s_v3 D4_v3 D4s_v3 D64_v3 D64s_v3 D8_v3 D8s_v3,,,
VAAZVIAMPPS351,PREPROD-GOV-INTERNAL,VAAFIPREPROD-PREPROD-INT-EAST-RG,usgovvirginia,2,Linux,Compute,Standard_A4_v2,F4s,,3,4,VAAFIPREPROD_AS_SAM350_PKI-PS,1,1,,D1_v2 D11_v2 D12_v2 D13_v2 D14_v2 D2_v2 D3_v2 D4_v2 D5_v2 DS1_v2 DS11_v2 DS11-1_v2 DS12_v2 DS12-1_v2 DS12-2_v2 DS13_v2 DS13-2_v2 DS13-4_v2 DS14_v2 DS14-4_v2 DS14-8_v2 DS2_v2 DS3_v2 DS4_v2 DS5_v2,F1 F16 F16s F1s F2 F2s F4 F4s F8 F8s,D16_v3 D16s_v3 D2_v3 D2s_v3 D32_v3 D32s_v3 D4_v3 D4s_v3 D64_v3 D64s_v3 D8_v3 D8s_v3,,,
VAAZVIAMPRF300,PREPROD-GOV-INTERNAL,ACSPREPROD-PREPROD-INT-EAST-RG,usgovvirginia,N/A,Windows,,Standard_A4m_v2,N/A,Windows_Server,2,4,,,,,,,,$True,,
VAAZVIAMPRP350,PREPROD-GOV-INTERNAL,VAAFIPREPROD-PREPROD-INT-EAST-RG,usgovvirginia,1,Linux,Compute,Standard_A4_v2,F4s,,3,4,VAAFIPREPROD_AS_SAM350_PKI-WS,1,1,,D1_v2 D11_v2 D12_v2 D13_v2 D14_v2 D2_v2 D3_v2 D4_v2 D5_v2 DS1_v2 DS11_v2 DS11-1_v2 DS12_v2 DS12-1_v2 DS12-2_v2 DS13_v2 DS13-2_v2 DS13-4_v2 DS14_v2 DS14-4_v2 DS14-8_v2 DS2_v2 DS3_v2 DS4_v2 DS5_v2,F1 F16 F16s F1s F2 F2s F4 F4s F8 F8s,D16_v3 D16s_v3 D2_v3 D2s_v3 D32_v3 D32s_v3 D4_v3 D4s_v3 D64_v3 D64s_v3 D8_v3 D8s_v3,,,
VAAZVIAMPRP351,PREPROD-GOV-INTERNAL,VAAFIPREPROD-PREPROD-INT-EAST-RG,usgovvirginia,2,Linux,Compute,Standard_A4_v2,F4s,,3,4,VAAFIPREPROD_AS_SAM350_PKI-WS,0,0,,D1_v2 D11_v2 D12_v2 D13_v2 D14_v2 D2_v2 D3_v2 D4_v2 D5_v2 DS1_v2 DS11_v2 DS11-1_v2 DS12_v2 DS12-1_v2 DS12-2_v2 DS13_v2 DS13-2_v2 DS13-4_v2 DS14_v2 DS14-4_v2 DS14-8_v2 DS2_v2 DS3_v2 DS4_v2 DS5_v2,F1 F16 F16s F1s F2 F2s F4 F4s F8 F8s,D16_v3 D16s_v3 D2_v3 D2s_v3 D32_v3 D32s_v3 D4_v3 D4s_v3 D64_v3 D64s_v3 D8_v3 D8s_v3,,,
VAAZVIAMPTA300,PREPROD-GOV-INTERNAL,ACSPREPROD-PREPROD-INT-EAST-RG,usgovvirginia,3,Windows,,Standard_A4m_v2,N/A,Windows_Server,1,4,,,,,,,,$True,,
VAAZVIAMPTA301,PREPROD-GOV-INTERNAL,ACSPREPROD-PREPROD-INT-EAST-RG,usgovvirginia,3,Windows,,Standard_A4m_v2,N/A,Windows_Server,1,4,,,,,,,,$True,,
VAAZVIAMPTA302,PREPROD-GOV-INTERNAL,ACSPREPROD-PREPROD-INT-EAST-RG,usgovvirginia,4,Windows,,Standard_A4m_v2,N/A,Windows_Server,1,4,,,,,,,,$True,,
VAAZVIAMPTA303,PREPROD-GOV-INTERNAL,ACSPREPROD-PREPROD-INT-EAST-RG,usgovvirginia,4,Windows,,Standard_A4m_v2,N/A,Windows_Server,1,4,,,,,,,,$True,,
VAAZVIAMSPDM350,PREPROD-GOV-INTERNAL,VAAFIPREPROD-PREPROD-INT-EAST-RG,usgovvirginia,3,Linux,General,Standard_A4_v2,D4s_v3,,1,4,,,,,,,,,,
VAAZVIAMSPFM350,PREPROD-GOV-INTERNAL,VAAFIPREPROD-PREPROD-INT-EAST-RG,usgovvirginia,3,Linux,General,Standard_A4_v2,D4s_v3,,1,4,,,,,,,,,,
VAAZVIAMSPFM351,PREPROD-GOV-INTERNAL,VAAFIPREPROD-PREPROD-INT-EAST-RG,usgovvirginia,4,Linux,General,Standard_A4_v2,D4s_v3,,1,4,,,,,,,,,,
VAAZVIAMSPFM352,PREPROD-GOV-INTERNAL,VAAFIPREPROD-PREPROD-INT-EAST-RG,usgovvirginia,3,Linux,General,Standard_A4_v2,D4s_v3,,1,4,,,,,,,,,,
VAAZVIAMSPFM353,PREPROD-GOV-INTERNAL,VAAFIPREPROD-PREPROD-INT-EAST-RG,usgovvirginia,4,Linux,General,Standard_A4_v2,D4s_v3,,1,4,,,,,,,,,,
VAAZVIAMSPS300,PREPROD-GOV-INTERNAL,ACSPREPROD-PREPROD-INT-EAST-RG,usgovvirginia,1,Windows,Compute,Standard_A4_v2,F4,Windows_Server,1,4,ACSPREPROD_AS_SPS300,1,1,,D1_v2 D11_v2 D12_v2 D13_v2 D14_v2 D15_v2 D2_v2 D3_v2 D4_v2 D5_v2,F1 F16 F2 F4 F8,,,,
VAAZVIAMSPS301,PREPROD-GOV-INTERNAL,ACSPREPROD-PREPROD-INT-EAST-RG,usgovvirginia,2,Windows,Compute,Standard_A4_v2,F4,Windows_Server,1,4,ACSPREPROD_AS_SPS300,0,0,,D1_v2 D11_v2 D12_v2 D13_v2 D14_v2 D15_v2 D2_v2 D3_v2 D4_v2 D5_v2,F1 F16 F2 F4 F8,,,,
VAAZVIAMSPS350,PREPROD-GOV-INTERNAL,VAAFIPREPROD-PREPROD-INT-EAST-RG,usgovvirginia,1,Linux,Compute,Standard_A4_v2,F4s,,3,4,VAAFIPREPROD_AS_SAM350_PS,0,0,,D1_v2 D11_v2 D12_v2 D13_v2 D14_v2 D2_v2 D3_v2 D4_v2 D5_v2 DS1_v2 DS11_v2 DS11-1_v2 DS12_v2 DS12-1_v2 DS12-2_v2 DS13_v2 DS13-2_v2 DS13-4_v2 DS14_v2 DS14-4_v2 DS14-8_v2 DS2_v2 DS3_v2 DS4_v2 DS5_v2,F1 F16 F16s F1s F2 F2s F4 F4s F8 F8s,D16_v3 D16s_v3 D2_v3 D2s_v3 D32_v3 D32s_v3 D4_v3 D4s_v3 D64_v3 D64s_v3 D8_v3 D8s_v3,,,
VAAZVIAMSPS351,PREPROD-GOV-INTERNAL,VAAFIPREPROD-PREPROD-INT-EAST-RG,usgovvirginia,2,Linux,Compute,Standard_A4_v2,F4s,,3,4,VAAFIPREPROD_AS_SAM350_PS,1,1,,D1_v2 D11_v2 D12_v2 D13_v2 D14_v2 D2_v2 D3_v2 D4_v2 D5_v2 DS1_v2 DS11_v2 DS11-1_v2 DS12_v2 DS12-1_v2 DS12-2_v2 DS13_v2 DS13-2_v2 DS13-4_v2 DS14_v2 DS14-4_v2 DS14-8_v2 DS2_v2 DS3_v2 DS4_v2 DS5_v2,F1 F16 F16s F1s F2 F2s F4 F4s F8 F8s,D16_v3 D16s_v3 D2_v3 D2s_v3 D32_v3 D32s_v3 D4_v3 D4s_v3 D64_v3 D64s_v3 D8_v3 D8s_v3,,,
VAAZVIAMSRP350,PREPROD-GOV-INTERNAL,VAAFIPREPROD-PREPROD-INT-EAST-RG,usgovvirginia,1,Linux,Compute,Standard_A4_v2,F4s,,3,4,VAAFIPREPROD_AS_SAM350_WS,0,4,,D1_v2 D11_v2 D12_v2 D13_v2 D14_v2 D2_v2 D3_v2 D4_v2 D5_v2 DS1_v2 DS11_v2 DS11-1_v2 DS12_v2 DS12-1_v2 DS12-2_v2 DS13_v2 DS13-2_v2 DS13-4_v2 DS14_v2 DS14-4_v2 DS14-8_v2 DS2_v2 DS3_v2 DS4_v2 DS5_v2,F1 F16 F16s F1s F2 F2s F4 F4s F8 F8s,D16_v3 D16s_v3 D2_v3 D2s_v3 D32_v3 D32s_v3 D4_v3 D4s_v3 D64_v3 D64s_v3 D8_v3 D8s_v3,,,
VAAZVIAMSRP351,PREPROD-GOV-INTERNAL,VAAFIPREPROD-PREPROD-INT-EAST-RG,usgovvirginia,1,Linux,Compute,Standard_A4_v2,F4s,,3,4,VAAFIPREPROD_AS_SAM350_WS,1,2,,D1_v2 D11_v2 D12_v2 D13_v2 D14_v2 D2_v2 D3_v2 D4_v2 D5_v2 DS1_v2 DS11_v2 DS11-1_v2 DS12_v2 DS12-1_v2 DS12-2_v2 DS13_v2 DS13-2_v2 DS13-4_v2 DS14_v2 DS14-4_v2 DS14-8_v2 DS2_v2 DS3_v2 DS4_v2 DS5_v2,F1 F16 F16s F1s F2 F2s F4 F4s F8 F8s,D16_v3 D16s_v3 D2_v3 D2s_v3 D32_v3 D32s_v3 D4_v3 D4s_v3 D64_v3 D64s_v3 D8_v3 D8s_v3,,,
VAAZVIAMSRP352,PREPROD-GOV-INTERNAL,VAAFIPREPROD-PREPROD-INT-EAST-RG,usgovvirginia,1,Linux,Compute,Standard_A4_v2,F4s,,3,4,VAAFIPREPROD_AS_SAM350_WS,0,2,,D1_v2 D11_v2 D12_v2 D13_v2 D14_v2 D2_v2 D3_v2 D4_v2 D5_v2 DS1_v2 DS11_v2 DS11-1_v2 DS12_v2 DS12-1_v2 DS12-2_v2 DS13_v2 DS13-2_v2 DS13-4_v2 DS14_v2 DS14-4_v2 DS14-8_v2 DS2_v2 DS3_v2 DS4_v2 DS5_v2,F1 F16 F16s F1s F2 F2s F4 F4s F8 F8s,D16_v3 D16s_v3 D2_v3 D2s_v3 D32_v3 D32s_v3 D4_v3 D4s_v3 D64_v3 D64s_v3 D8_v3 D8s_v3,,,
VAAZVIAMSRP353,PREPROD-GOV-INTERNAL,VAAFIPREPROD-PREPROD-INT-EAST-RG,usgovvirginia,2,Linux,Compute,Standard_A4_v2,F4s,,3,4,VAAFIPREPROD_AS_SAM350_WS,1,7,,D1_v2 D11_v2 D12_v2 D13_v2 D14_v2 D2_v2 D3_v2 D4_v2 D5_v2 DS1_v2 DS11_v2 DS11-1_v2 DS12_v2 DS12-1_v2 DS12-2_v2 DS13_v2 DS13-2_v2 DS13-4_v2 DS14_v2 DS14-4_v2 DS14-8_v2 DS2_v2 DS3_v2 DS4_v2 DS5_v2,F1 F16 F16s F1s F2 F2s F4 F4s F8 F8s,D16_v3 D16s_v3 D2_v3 D2s_v3 D32_v3 D32s_v3 D4_v3 D4s_v3 D64_v3 D64s_v3 D8_v3 D8s_v3,,,
VAAZVIAMSRP354,PREPROD-GOV-INTERNAL,VAAFIPREPROD-PREPROD-INT-EAST-RG,usgovvirginia,2,Linux,Compute,Standard_A4_v2,F4s,,3,4,VAAFIPREPROD_AS_SAM350_WS,0,6,,D1_v2 D11_v2 D12_v2 D13_v2 D14_v2 D2_v2 D3_v2 D4_v2 D5_v2 DS1_v2 DS11_v2 DS11-1_v2 DS12_v2 DS12-1_v2 DS12-2_v2 DS13_v2 DS13-2_v2 DS13-4_v2 DS14_v2 DS14-4_v2 DS14-8_v2 DS2_v2 DS3_v2 DS4_v2 DS5_v2,F1 F16 F16s F1s F2 F2s F4 F4s F8 F8s,D16_v3 D16s_v3 D2_v3 D2s_v3 D32_v3 D32s_v3 D4_v3 D4s_v3 D64_v3 D64s_v3 D8_v3 D8s_v3,,,
VAAZVIAMSRP355,PREPROD-GOV-INTERNAL,VAAFIPREPROD-PREPROD-INT-EAST-RG,usgovvirginia,2,Linux,Compute,Standard_A4_v2,F4s,,3,4,VAAFIPREPROD_AS_SAM350_WS,1,4,,D1_v2 D11_v2 D12_v2 D13_v2 D14_v2 D2_v2 D3_v2 D4_v2 D5_v2 DS1_v2 DS11_v2 DS11-1_v2 DS12_v2 DS12-1_v2 DS12-2_v2 DS13_v2 DS13-2_v2 DS13-4_v2 DS14_v2 DS14-4_v2 DS14-8_v2 DS2_v2 DS3_v2 DS4_v2 DS5_v2,F1 F16 F16s F1s F2 F2s F4 F4s F8 F8s,D16_v3 D16s_v3 D2_v3 D2s_v3 D32_v3 D32s_v3 D4_v3 D4s_v3 D64_v3 D64s_v3 D8_v3 D8s_v3,,,
VAAZVIAMSRP356,PREPROD-GOV-INTERNAL,VAAFIPREPROD-PREPROD-INT-EAST-RG,usgovvirginia,3,Linux,Compute,Standard_A4_v2,F4s,,3,4,VAAFIPREPROD_AS_SAM350_WS,0,0,,D1_v2 D11_v2 D12_v2 D13_v2 D14_v2 D2_v2 D3_v2 D4_v2 D5_v2 DS1_v2 DS11_v2 DS11-1_v2 DS12_v2 DS12-1_v2 DS12-2_v2 DS13_v2 DS13-2_v2 DS13-4_v2 DS14_v2 DS14-4_v2 DS14-8_v2 DS2_v2 DS3_v2 DS4_v2 DS5_v2,F1 F16 F16s F1s F2 F2s F4 F4s F8 F8s,D16_v3 D16s_v3 D2_v3 D2s_v3 D32_v3 D32s_v3 D4_v3 D4s_v3 D64_v3 D64s_v3 D8_v3 D8s_v3,,,
VAAZVIAMSRP357,PREPROD-GOV-INTERNAL,VAAFIPREPROD-PREPROD-INT-EAST-RG,usgovvirginia,3,Linux,Compute,Standard_A4_v2,F4s,,3,4,VAAFIPREPROD_AS_SAM350_WS,1,3,,D1_v2 D11_v2 D12_v2 D13_v2 D14_v2 D2_v2 D3_v2 D4_v2 D5_v2 DS1_v2 DS11_v2 DS11-1_v2 DS12_v2 DS12-1_v2 DS12-2_v2 DS13_v2 DS13-2_v2 DS13-4_v2 DS14_v2 DS14-4_v2 DS14-8_v2 DS2_v2 DS3_v2 DS4_v2 DS5_v2,F1 F16 F16s F1s F2 F2s F4 F4s F8 F8s,D16_v3 D16s_v3 D2_v3 D2s_v3 D32_v3 D32s_v3 D4_v3 D4s_v3 D64_v3 D64s_v3 D8_v3 D8s_v3,,,
VAAZVIAMSRP358,PREPROD-GOV-INTERNAL,VAAFIPREPROD-PREPROD-INT-EAST-RG,usgovvirginia,3,Linux,Compute,Standard_A4_v2,F4s,,3,4,VAAFIPREPROD_AS_SAM350_WS,0,3,,D1_v2 D11_v2 D12_v2 D13_v2 D14_v2 D2_v2 D3_v2 D4_v2 D5_v2 DS1_v2 DS11_v2 DS11-1_v2 DS12_v2 DS12-1_v2 DS12-2_v2 DS13_v2 DS13-2_v2 DS13-4_v2 DS14_v2 DS14-4_v2 DS14-8_v2 DS2_v2 DS3_v2 DS4_v2 DS5_v2,F1 F16 F16s F1s F2 F2s F4 F4s F8 F8s,D16_v3 D16s_v3 D2_v3 D2s_v3 D32_v3 D32s_v3 D4_v3 D4s_v3 D64_v3 D64s_v3 D8_v3 D8s_v3,,,
VAAZVIAMSRP359,PREPROD-GOV-INTERNAL,VAAFIPREPROD-PREPROD-INT-EAST-RG,usgovvirginia,4,Linux,Compute,Standard_A4_v2,F4s,,3,4,VAAFIPREPROD_AS_SAM350_WS,0,1,,D1_v2 D11_v2 D12_v2 D13_v2 D14_v2 D2_v2 D3_v2 D4_v2 D5_v2 DS1_v2 DS11_v2 DS11-1_v2 DS12_v2 DS12-1_v2 DS12-2_v2 DS13_v2 DS13-2_v2 DS13-4_v2 DS14_v2 DS14-4_v2 DS14-8_v2 DS2_v2 DS3_v2 DS4_v2 DS5_v2,F1 F16 F16s F1s F2 F2s F4 F4s F8 F8s,D16_v3 D16s_v3 D2_v3 D2s_v3 D32_v3 D32s_v3 D4_v3 D4s_v3 D64_v3 D64s_v3 D8_v3 D8s_v3,,,
VAAZVIAMSRP360,PREPROD-GOV-INTERNAL,VAAFIPREPROD-PREPROD-INT-EAST-RG,usgovvirginia,4,Linux,Compute,Standard_A4_v2,F4s,,3,4,VAAFIPREPROD_AS_SAM350_WS,1,5,,D1_v2 D11_v2 D12_v2 D13_v2 D14_v2 D2_v2 D3_v2 D4_v2 D5_v2 DS1_v2 DS11_v2 DS11-1_v2 DS12_v2 DS12-1_v2 DS12-2_v2 DS13_v2 DS13-2_v2 DS13-4_v2 DS14_v2 DS14-4_v2 DS14-8_v2 DS2_v2 DS3_v2 DS4_v2 DS5_v2,F1 F16 F16s F1s F2 F2s F4 F4s F8 F8s,D16_v3 D16s_v3 D2_v3 D2s_v3 D32_v3 D32s_v3 D4_v3 D4s_v3 D64_v3 D64s_v3 D8_v3 D8s_v3,,,
VAAZVIAMSRP361,PREPROD-GOV-INTERNAL,VAAFIPREPROD-PREPROD-INT-EAST-RG,usgovvirginia,4,Linux,Compute,Standard_A4_v2,F4s,,3,4,VAAFIPREPROD_AS_SAM350_WS,1,1,,D1_v2 D11_v2 D12_v2 D13_v2 D14_v2 D2_v2 D3_v2 D4_v2 D5_v2 DS1_v2 DS11_v2 DS11-1_v2 DS12_v2 DS12-1_v2 DS12-2_v2 DS13_v2 DS13-2_v2 DS13-4_v2 DS14_v2 DS14-4_v2 DS14-8_v2 DS2_v2 DS3_v2 DS4_v2 DS5_v2,F1 F16 F16s F1s F2 F2s F4 F4s F8 F8s,D16_v3 D16s_v3 D2_v3 D2s_v3 D32_v3 D32s_v3 D4_v3 D4s_v3 D64_v3 D64s_v3 D8_v3 D8s_v3,,,
VAAZVIAMSSO300,PREPROD-GOV-INTERNAL,ACSPREPROD-PREPROD-INT-EAST-RG,usgovvirginia,1,Linux,Compute,Standard_A2_v2,F2,,1,4,ACSPREPROD_AS_SSO300,1,1,,D1_v2 D11_v2 D12_v2 D13_v2 D14_v2 D15_v2 D2_v2 D3_v2 D4_v2 D5_v2,F1 F16 F2 F4 F8,,,,
VAAZVIAMSSO301,PREPROD-GOV-INTERNAL,ACSPREPROD-PREPROD-INT-EAST-RG,usgovvirginia,2,Linux,Compute,Standard_A2_v2,F2,,1,4,ACSPREPROD_AS_SSO300,0,0,,D1_v2 D11_v2 D12_v2 D13_v2 D14_v2 D15_v2 D2_v2 D3_v2 D4_v2 D5_v2,F1 F16 F2 F4 F8,,,,
VAAZVIAMSTS350,PREPROD-GOV-INTERNAL,VAAFIPREPROD-PREPROD-INT-EAST-RG,usgovvirginia,1,Linux,Compute,Standard_A4_v2,F4,,1,4,VAAFIPREPROD_AS_STS350,0,0,,D1_v2 D11_v2 D12_v2 D13_v2 D14_v2 D15_v2 D2_v2 D3_v2 D4_v2 D5_v2,F1 F16 F2 F4 F8,,,,
VAAZVIAMSTS351,PREPROD-GOV-INTERNAL,VAAFIPREPROD-PREPROD-INT-EAST-RG,usgovvirginia,2,Linux,Compute,Standard_A4_v2,F4,,1,4,VAAFIPREPROD_AS_STS350,1,1,,D1_v2 D11_v2 D12_v2 D13_v2 D14_v2 D15_v2 D2_v2 D3_v2 D4_v2 D5_v2,F1 F16 F2 F4 F8,,,,
VAAZVIAMSTS352,PREPROD-GOV-INTERNAL,VAAFIPREPROD-PREPROD-INT-EAST-RG,usgovvirginia,1,Linux,Compute,Standard_A4_v2,F4,,1,4,VAAFIPREPROD_AS_STS350,0,2,,D1_v2 D11_v2 D12_v2 D13_v2 D14_v2 D15_v2 D2_v2 D3_v2 D4_v2 D5_v2,F1 F16 F2 F4 F8,,,,
VAAZVIAMSTS353,PREPROD-GOV-INTERNAL,VAAFIPREPROD-PREPROD-INT-EAST-RG,usgovvirginia,2,Linux,Compute,Standard_A4_v2,F4,,1,4,VAAFIPREPROD_AS_STS350,1,3,,D1_v2 D11_v2 D12_v2 D13_v2 D14_v2 D15_v2 D2_v2 D3_v2 D4_v2 D5_v2,F1 F16 F2 F4 F8,,,,
VAAZVIAMTPM300,PREPROD-GOV-INTERNAL,ACSPREPROD-PREPROD-INT-EAST-RG,usgovvirginia,N/A,Linux,,Standard_A4_v2,N/A,,1,4,ACSPREPROD_AS_TPM300,1,1,,D1_v2 D11_v2 D12_v2 D13_v2 D14_v2 D15_v2 D2_v2 D3_v2 D4_v2 D5_v2,F1 F16 F2 F4 F8,,$True,,Confirmed not resizing
VAAZVIAMTPM301,PREPROD-GOV-INTERNAL,ACSPREPROD-PREPROD-INT-EAST-RG,usgovvirginia,N/A,Linux,,Standard_A4_v2,N/A,,1,4,ACSPREPROD_AS_TPM300,0,0,,D1_v2 D11_v2 D12_v2 D13_v2 D14_v2 D15_v2 D2_v2 D3_v2 D4_v2 D5_v2,F1 F16 F2 F4 F8,,$True,,Confirmed not resizing
VAAZVIAMTST300,PREPROD-GOV-INTERNAL,ACSPREPROD-PREPROD-INT-EAST-RG,usgovvirginia,N/A,Windows,,Standard_B2s,N/A,Windows_Server,1,4,ACSPREPROD_AS_TST300,0,0,,D1_v2 D11_v2 D12_v2 D13_v2 D14_v2 D2_v2 D3_v2 D4_v2 D5_v2 DS1_v2 DS11_v2 DS11-1_v2 DS12_v2 DS12-1_v2 DS12-2_v2 DS13_v2 DS13-2_v2 DS13-4_v2 DS14_v2 DS14-4_v2 DS14-8_v2 DS2_v2 DS3_v2 DS4_v2 DS5_v2,F1 F16 F16s F1s F2 F2s F4 F4s F8 F8s,D16_v3 D16s_v3 D2_v3 D2s_v3 D32_v3 D32s_v3 D4_v3 D4s_v3 D64_v3 D64s_v3 D8_v3 D8s_v3,$True,,Confirmed not resizing
VAAZVIAMUTL300,PREPROD-GOV-INTERNAL,ACSPREPROD-PREPROD-INT-EAST-RG,usgovvirginia,3,Windows,General,Standard_A4_v2,D4s_v3,Windows_Server,1,4,,,,,,,,,,
VAAZVIAMUTL350,PREPROD-GOV-INTERNAL,VAAFIPREPROD-PREPROD-INT-EAST-RG,usgovvirginia,4,Linux,Compute,Standard_A4_v2,F4,,1,4,VAAFIPREPROD_AS_UTL350,0,0,,D1_v2 D11_v2 D12_v2 D13_v2 D14_v2 D15_v2 D2_v2 D3_v2 D4_v2 D5_v2,F1 F16 F2 F4 F8,,,,
VAAZVIAMVWB350,PREPROD-GOV-INTERNAL,VAAFIPREPROD-PREPROD-INT-EAST-RG,usgovvirginia,2,Linux,General,Standard_A2_v2,DS2,,1,4,VAAFIPREPROD_AS_VWB350,0,0,D1 D11 D12 D13 D14 D2 D3 D4 DS1 DS11 DS12 DS13 DS14 DS2 DS3 DS4,,,,,,
VAAZVIAMVWB351,PREPROD-GOV-INTERNAL,VAAFIPREPROD-PREPROD-INT-EAST-RG,usgovvirginia,1,Linux,General,Standard_A2_v2,DS2,,1,4,VAAFIPREPROD_AS_VWB350,1,1,D1 D11 D12 D13 D14 D2 D3 D4 DS1 DS11 DS12 DS13 DS14 DS2 DS3 DS4,,,,,,
VAAZVIAMVWL350,PREPROD-GOV-INTERNAL,VAAFIPREPROD-PREPROD-INT-EAST-RG,usgovvirginia,2,Linux,Compute,Standard_A4_v2,F4,,1,4,VAAFIPREPROD_AS_VWL350,0,0,,D1_v2 D11_v2 D12_v2 D13_v2 D14_v2 D15_v2 D2_v2 D3_v2 D4_v2 D5_v2,F1 F16 F2 F4 F8,,,,
VAAZVIAMVWL351,PREPROD-GOV-INTERNAL,VAAFIPREPROD-PREPROD-INT-EAST-RG,usgovvirginia,1,Linux,Compute,Standard_A4_v2,F4,,1,4,VAAFIPREPROD_AS_VWL350,1,1,,D1_v2 D11_v2 D12_v2 D13_v2 D14_v2 D15_v2 D2_v2 D3_v2 D4_v2 D5_v2,F1 F16 F2 F4 F8,,,,
VAAZVIAMWEB300,PREPROD-GOV-INTERNAL,ACSPREPROD-PREPROD-INT-EAST-RG,usgovvirginia,1,Windows,General,Standard_A4_v2,DS3,Windows_Server,1,4,ACSPREPROD_AS_WEB300_CL,1,1,D1 D11 D12 D13 D14 D2 D3 D4 DS1 DS11 DS12 DS13 DS14 DS2 DS3 DS4,,,,,,
VAAZVIAMWEB301,PREPROD-GOV-INTERNAL,ACSPREPROD-PREPROD-INT-EAST-RG,usgovvirginia,2,Windows,General,Standard_A4_v2,DS3,Windows_Server,1,4,ACSPREPROD_AS_WEB300_CL,0,0,D1 D11 D12 D13 D14 D2 D3 D4 DS1 DS11 DS12 DS13 DS14 DS2 DS3 DS4,,,,,,
VAAZVIAMWEB302,PREPROD-GOV-INTERNAL,ACSPREPROD-PREPROD-INT-EAST-RG,usgovvirginia,1,Windows,Compute,Standard_A4_v2,F4,Windows_Server,1,4,ACSPREPROD_AS_WEB300_PIV,0,0,,D1_v2 D11_v2 D12_v2 D13_v2 D14_v2 D15_v2 D2_v2 D3_v2 D4_v2 D5_v2,F1 F16 F2 F4 F8,,,,
VAAZVIAMWEB303,PREPROD-GOV-INTERNAL,ACSPREPROD-PREPROD-INT-EAST-RG,usgovvirginia,2,Windows,Compute,Standard_A4_v2,F4,Windows_Server,1,4,ACSPREPROD_AS_WEB300_PIV,1,1,,D1_v2 D11_v2 D12_v2 D13_v2 D14_v2 D15_v2 D2_v2 D3_v2 D4_v2 D5_v2,F1 F16 F2 F4 F8,,,,
VAAZVIAMWEB304,PREPROD-GOV-INTERNAL,ACSPREPROD-PREPROD-INT-EAST-RG,usgovvirginia,1,Windows,General,Standard_A4_v2,DS3,Windows_Server,1,4,ACSPREPROD_AS_WEB300_WINAUTH,1,1,D1 D11 D12 D13 D14 D2 D3 D4 DS1 DS11 DS12 DS13 DS14 DS2 DS3 DS4,,,,,,
VAAZVIAMWEB305,PREPROD-GOV-INTERNAL,ACSPREPROD-PREPROD-INT-EAST-RG,usgovvirginia,2,Windows,General,Standard_A4_v2,DS3,Windows_Server,1,4,ACSPREPROD_AS_WEB300_WINAUTH,0,0,D1 D11 D12 D13 D14 D2 D3 D4 DS1 DS11 DS12 DS13 DS14 DS2 DS3 DS4,,,,,,
VAAZVIAMWEB306,PREPROD-GOV-INTERNAL,ACSPREPROD-PREPROD-INT-EAST-RG,usgovvirginia,1,Windows,Compute,Standard_A4_v2,F4,Windows_Server,1,4,ACSPREPROD_AS_WEB300_SAML,0,0,,D1_v2 D11_v2 D12_v2 D13_v2 D14_v2 D15_v2 D2_v2 D3_v2 D4_v2 D5_v2,F1 F16 F2 F4 F8,,,,
VAAZVIAMWEB307,PREPROD-GOV-INTERNAL,ACSPREPROD-PREPROD-INT-EAST-RG,usgovvirginia,2,Windows,Compute,Standard_A4_v2,F4,Windows_Server,1,4,ACSPREPROD_AS_WEB300_SAML,1,1,,D1_v2 D11_v2 D12_v2 D13_v2 D14_v2 D15_v2 D2_v2 D3_v2 D4_v2 D5_v2,F1 F16 F2 F4 F8,,,,
VAAZVIAMWEB308,PREPROD-GOV-INTERNAL,ACSPREPROD-PREPROD-INT-EAST-RG,usgovvirginia,1,Windows,Compute,Standard_A4_v2,F4,Windows_Server,1,4,ACSPREPROD_AS_WEB300_PROV,1,1,,D1_v2 D11_v2 D12_v2 D13_v2 D14_v2 D15_v2 D2_v2 D3_v2 D4_v2 D5_v2,F1 F16 F2 F4 F8,,,,
VAAZVIAMWEB309,PREPROD-GOV-INTERNAL,ACSPREPROD-PREPROD-INT-EAST-RG,usgovvirginia,2,Windows,Compute,Standard_A4_v2,F4,Windows_Server,1,4,ACSPREPROD_AS_WEB300_PROV,0,0,,D1_v2 D11_v2 D12_v2 D13_v2 D14_v2 D15_v2 D2_v2 D3_v2 D4_v2 D5_v2,F1 F16 F2 F4 F8,,,,
VAAZVIAMWEB310,PREPROD-GOV-INTERNAL,ACSPREPROD-PREPROD-INT-EAST-RG,usgovvirginia,1,Windows,Compute,Standard_A4_v2,F4,Windows_Server,1,4,ACSPREPROD_AS_WEB300_UNAUTHAMS,1,1,,D1_v2 D11_v2 D12_v2 D13_v2 D14_v2 D15_v2 D2_v2 D3_v2 D4_v2 D5_v2,F1 F16 F2 F4 F8,,,,
VAAZVIAMWEB311,PREPROD-GOV-INTERNAL,ACSPREPROD-PREPROD-INT-EAST-RG,usgovvirginia,2,Windows,Compute,Standard_A4_v2,F4,Windows_Server,1,4,ACSPREPROD_AS_WEB300_UNAUTHAMS,0,0,,D1_v2 D11_v2 D12_v2 D13_v2 D14_v2 D15_v2 D2_v2 D3_v2 D4_v2 D5_v2,F1 F16 F2 F4 F8,,,,
VAAZVIAMWEB312,PREPROD-GOV-INTERNAL,ACSPREPROD-PREPROD-INT-EAST-RG,usgovvirginia,1,Windows,Compute,Standard_A4_v2,F4,Windows_Server,1,4,ACSPREPROD_AS_WEB300_SAML,0,2,,D1_v2 D11_v2 D12_v2 D13_v2 D14_v2 D15_v2 D2_v2 D3_v2 D4_v2 D5_v2,F1 F16 F2 F4 F8,,,,
VAAZVIAMWEB313,PREPROD-GOV-INTERNAL,ACSPREPROD-PREPROD-INT-EAST-RG,usgovvirginia,2,Windows,Compute,Standard_A4_v2,F4,Windows_Server,1,4,ACSPREPROD_AS_WEB300_PIV,0,2,,D1_v2 D11_v2 D12_v2 D13_v2 D14_v2 D15_v2 D2_v2 D3_v2 D4_v2 D5_v2,F1 F16 F2 F4 F8,,,,
VAAZVIAMWEB314,PREPROD-GOV-INTERNAL,ACSPREPROD-PREPROD-INT-EAST-RG,usgovvirginia,1,Windows,General,Standard_A4_v2,DS3,Windows_Server,1,4,ACSPREPROD_AS_WEB300_CL,0,2,D1 D11 D12 D13 D14 D2 D3 D4 DS1 DS11 DS12 DS13 DS14 DS2 DS3 DS4,,,,,,
VAAZVIAMWEB315,PREPROD-GOV-INTERNAL,ACSPREPROD-PREPROD-INT-EAST-RG,usgovvirginia,2,Windows,Compute,Standard_A4_v2,F4,Windows_Server,1,4,ACSPREPROD_AS_WEB300_SAML,1,3,,D1_v2 D11_v2 D12_v2 D13_v2 D14_v2 D15_v2 D2_v2 D3_v2 D4_v2 D5_v2,F1 F16 F2 F4 F8,,,,
VAAZVIAMWEB375,PREPROD-GOV-INTERNAL,VHICPREPROD-PREPROD-INT-EAST-RG,usgovvirginia,2,Linux,General,Standard_A4_v2,DS3,,1,4,VHICPREPROD_AS_WEB375,0,0,D1 D11 D12 D13 D14 D2 D3 D4 DS1 DS11 DS12 DS13 DS14 DS2 DS3 DS4,,,,,,
VAAZVIAMWEB376,PREPROD-GOV-INTERNAL,VHICPREPROD-PREPROD-INT-EAST-RG,usgovvirginia,1,Linux,General,Standard_A4_v2,DS3,,1,4,VHICPREPROD_AS_WEB375,1,1,D1 D11 D12 D13 D14 D2 D3 D4 DS1 DS11 DS12 DS13 DS14 DS2 DS3 DS4,,,,,,
va-preprod,PREPROD-GOV-INTERNAL,VAAFIPREPROD-PREPROD-INT-EAST-RG,usgovvirginia,N/A,Windows,,Standard_A2_v2,N/A,Windows_Server,1,4,,,,,,,,$True,,Deleting
rhel6-9-baseline,PROD-GOV-INTERNAL,IAMSHARED-PROD-INT-EAST-RG,usgovvirginia,N/A,Linux,,Standard_A1_v2,N/A,,1,4,,,,,,,,$True,,Deleting
rhelfliptest,PROD-GOV-INTERNAL,IAMSHARED-PROD-INT-EAST-RG,usgovvirginia,N/A,Linux,,Standard_A2_v2,N/A,,1,4,,,,,,,,$True,,Deleting
rhelfliptest,PROD-GOV-INTERNAL,IAMSHARED-PROD-INT-SOUTH-RG,usgovtexas,N/A,Linux,,Standard_A2_v2,N/A,,1,4,,,,,,,,$True,,Deleting
vaaziamsvc01,PROD-GOV-INTERNAL,IAMSHARED-PROD-INT-EAST-RG,usgovvirginia,1,Linux,,Standard_A2_v2,N/A,,1,4,,,,,,,,,,
VAAZTIAMAPP110,PROD-GOV-INTERNAL,ACSPRODDR-PROD-INT-SOUTH-RG,usgovtexas,3,Linux,General,Standard_A2_v2,D2s_v3,,1,4,ACSPROD2_AS_APP100_SSO,0,0,,D1_v2 D11_v2 D12_v2 D13_v2 D14_v2 D15_v2 D2_v2 D3_v2 D4_v2 D5_v2 DS1_v2 DS11_v2 DS11-1_v2 DS12_v2 DS12-1_v2 DS12-2_v2 DS13_v2 DS13-2_v2 DS13-4_v2 DS14_v2 DS14-4_v2 DS14-8_v2 DS15_v2 DS2_v2 DS3_v2 DS4_v2 DS5_v2,F1 F16 F16s F1s F2 F2s F4 F4s F8 F8s,D16_v3 D16s_v3 D2_v3 D2s_v3 D32_v3 D32s_v3 D4_v3 D4s_v3 D64_v3 D64s_v3 D8_v3 D8s_v3,,,
vaaztiamedb100,PROD-GOV-INTERNAL,IAMSHARED-PROD-INT-SOUTH-RG,usgovtexas,4,Linux,Compute,Standard_A4_v2,F4,,1,4,IAMSHARED_TX_AS_EDB100,0,0,,D1_v2 D11_v2 D12_v2 D13_v2 D14_v2 D15_v2 D2_v2 D3_v2 D4_v2 D5_v2,F1 F16 F2 F4 F8,,,,
VAAZTIAMFPS150,PROD-GOV-INTERNAL,VAAFIPRODDR-PROD-INT-SOUTH-RG,usgovtexas,3,Linux,Compute,Standard_A4_v2,F4,,3,4,VAAFIPROD2_AS_SAM150_PS,0,1,,D1_v2 D11_v2 D12_v2 D13_v2 D14_v2 D15_v2 D2_v2 D3_v2 D4_v2 D5_v2,F1 F16 F2 F4 F8,,,,
VAAZTIAMFPS151,PROD-GOV-INTERNAL,VAAFIPRODDR-PROD-INT-SOUTH-RG,usgovtexas,4,Linux,Compute,Standard_A4_v2,F4,,3,4,VAAFIPROD2_AS_SAM150_PS,1,0,,D1_v2 D11_v2 D12_v2 D13_v2 D14_v2 D15_v2 D2_v2 D3_v2 D4_v2 D5_v2,F1 F16 F2 F4 F8,,,,
VAAZTIAMFRP150,PROD-GOV-INTERNAL,VAAFIPRODDR-PROD-INT-SOUTH-RG,usgovtexas,3,Linux,Compute,Standard_A4_v2,F4,,3,4,VAAFIPROD2_AS_SAM150_WS,1,2,,D1_v2 D11_v2 D12_v2 D13_v2 D14_v2 D15_v2 D2_v2 D3_v2 D4_v2 D5_v2,F1 F16 F2 F4 F8,,,,
VAAZTIAMFRP151,PROD-GOV-INTERNAL,VAAFIPRODDR-PROD-INT-SOUTH-RG,usgovtexas,4,Linux,Compute,Standard_A4_v2,F4,,3,4,VAAFIPROD2_AS_SAM150_WS,0,1,,D1_v2 D11_v2 D12_v2 D13_v2 D14_v2 D15_v2 D2_v2 D3_v2 D4_v2 D5_v2,F1 F16 F2 F4 F8,,,,
VAAZTIAMMAN150,PROD-GOV-INTERNAL,VAAFIPRODDR-PROD-INT-SOUTH-RG,usgovtexas,4,Windows,Compute,Standard_A8_v2,F8,Windows_Server,1,4,VAAFIPROD2_AS_MAN350,0,0,,D1_v2 D11_v2 D12_v2 D13_v2 D14_v2 D15_v2 D2_v2 D3_v2 D4_v2 D5_v2,F1 F16 F2 F4 F8,,,,
VAAZTIAMMAN151,PROD-GOV-INTERNAL,VAAFIPRODDR-PROD-INT-SOUTH-RG,usgovtexas,3,Windows,General,Standard_A4_v2,D4s_v3,Windows_Server,1,4,,,,,,,,,,
VAAZTIAMNSS01,PROD-GOV-INTERNAL,IAMSHARED-PROD-INT-SOUTH-RG,usgovtexas,4,Linux,Compute,Standard_A2_v2,F2,,1,4,IAMSHARED_TX_AS_NSS01,0,0,,D1_v2 D11_v2 D12_v2 D13_v2 D14_v2 D15_v2 D2_v2 D3_v2 D4_v2 D5_v2,F1 F16 F2 F4 F8,,,,
VAAZTIAMPPS150,PROD-GOV-INTERNAL,VAAFIPRODDR-PROD-INT-SOUTH-RG,usgovtexas,3,Linux,Compute,Standard_A4_v2,F4,,3,4,VAAFIPROD2_AS_SAM150_PKI-PS,0,0,,D1_v2 D11_v2 D12_v2 D13_v2 D14_v2 D15_v2 D2_v2 D3_v2 D4_v2 D5_v2,F1 F16 F2 F4 F8,,,,
VAAZTIAMPPS151,PROD-GOV-INTERNAL,VAAFIPRODDR-PROD-INT-SOUTH-RG,usgovtexas,4,Linux,Compute,Standard_A4_v2,F4,,3,4,VAAFIPROD2_AS_SAM150_PKI-PS,1,1,,D1_v2 D11_v2 D12_v2 D13_v2 D14_v2 D15_v2 D2_v2 D3_v2 D4_v2 D5_v2,F1 F16 F2 F4 F8,,,,
VAAZTIAMPRP150,PROD-GOV-INTERNAL,VAAFIPRODDR-PROD-INT-SOUTH-RG,usgovtexas,3,Linux,Compute,Standard_A4_v2,F4,,3,4,VAAFPROD2_AS_SAM150_PKI-WS,1,1,,D1_v2 D11_v2 D12_v2 D13_v2 D14_v2 D15_v2 D2_v2 D3_v2 D4_v2 D5_v2,F1 F16 F2 F4 F8,,,,
VAAZTIAMPRP151,PROD-GOV-INTERNAL,VAAFIPRODDR-PROD-INT-SOUTH-RG,usgovtexas,4,Linux,Compute,Standard_A4_v2,F4,,3,4,VAAFPROD2_AS_SAM150_PKI-WS,0,0,,D1_v2 D11_v2 D12_v2 D13_v2 D14_v2 D15_v2 D2_v2 D3_v2 D4_v2 D5_v2,F1 F16 F2 F4 F8,,,,
vaaztiamshf100,PROD-GOV-INTERNAL,IAMSHARED-PROD-INT-SOUTH-RG,usgovtexas,4,Linux,General,Standard_A4_v2,D4s_v3,,1,4,,,,,,,,,,
vaaztiamshf100restore,PROD-GOV-INTERNAL,IAMSHARED-PROD-INT-SOUTH-RG,usgovtexas,N/A,Linux,General,Standard_A4_v2,D4s_v3,,1,4,,,,,,,,$True,,Deleting
VAAZTIAMSPS150,PROD-GOV-INTERNAL,VAAFIPRODDR-PROD-INT-SOUTH-RG,usgovtexas,3,Linux,Compute,Standard_A4_v2,F4,,3,4,VAAFIPROD2_AS_SAM150_PS,0,0,,D1_v2 D11_v2 D12_v2 D13_v2 D14_v2 D15_v2 D2_v2 D3_v2 D4_v2 D5_v2,F1 F16 F2 F4 F8,,,,
VAAZTIAMSPS151,PROD-GOV-INTERNAL,VAAFIPRODDR-PROD-INT-SOUTH-RG,usgovtexas,4,Linux,Compute,Standard_A4_v2,F4,,3,4,VAAFIPROD2_AS_SAM150_PS,1,1,,D1_v2 D11_v2 D12_v2 D13_v2 D14_v2 D15_v2 D2_v2 D3_v2 D4_v2 D5_v2,F1 F16 F2 F4 F8,,,,
VAAZTIAMSRP100,PROD-GOV-INTERNAL,IAMSHARED-PROD-INT-SOUTH-RG,usgovtexas,3,Windows,Compute,Standard_A4_v2,F4,Windows_Server,1,4,IAMSHARED_TX_AS_SRP100,1,1,,D1_v2 D11_v2 D12_v2 D13_v2 D14_v2 D15_v2 D2_v2 D3_v2 D4_v2 D5_v2,F1 F16 F2 F4 F8,,,,
VAAZTIAMSRP101,PROD-GOV-INTERNAL,IAMSHARED-PROD-INT-SOUTH-RG,usgovtexas,4,Windows,Compute,Standard_A4_v2,F4,Windows_Server,1,4,IAMSHARED_TX_AS_SRP100,0,2,,D1_v2 D11_v2 D12_v2 D13_v2 D14_v2 D15_v2 D2_v2 D3_v2 D4_v2 D5_v2,F1 F16 F2 F4 F8,,,,
VAAZTIAMSRP150,PROD-GOV-INTERNAL,VAAFIPRODDR-PROD-INT-SOUTH-RG,usgovtexas,1,Linux,Compute,Standard_A4_v2,F4,,3,4,VAAFIPROD2_AS_SAM150_WS,0,4,,D1_v2 D11_v2 D12_v2 D13_v2 D14_v2 D15_v2 D2_v2 D3_v2 D4_v2 D5_v2,F1 F16 F2 F4 F8,,,,
VAAZTIAMSRP151,PROD-GOV-INTERNAL,VAAFIPRODDR-PROD-INT-SOUTH-RG,usgovtexas,1,Linux,Compute,Standard_A4_v2,F4,,3,4,VAAFIPROD2_AS_SAM150_WS,1,3,,D1_v2 D11_v2 D12_v2 D13_v2 D14_v2 D15_v2 D2_v2 D3_v2 D4_v2 D5_v2,F1 F16 F2 F4 F8,,,,
VAAZTIAMSRP152,PROD-GOV-INTERNAL,VAAFIPRODDR-PROD-INT-SOUTH-RG,usgovtexas,1,Linux,Compute,Standard_A4_v2,F4,,3,4,VAAFIPROD2_AS_SAM150_WS,1,9,,D1_v2 D11_v2 D12_v2 D13_v2 D14_v2 D15_v2 D2_v2 D3_v2 D4_v2 D5_v2,F1 F16 F2 F4 F8,,,,
VAAZTIAMSRP153,PROD-GOV-INTERNAL,VAAFIPRODDR-PROD-INT-SOUTH-RG,usgovtexas,2,Linux,Compute,Standard_A4_v2,F4,,3,4,VAAFIPROD2_AS_SAM150_WS,1,5,,D1_v2 D11_v2 D12_v2 D13_v2 D14_v2 D15_v2 D2_v2 D3_v2 D4_v2 D5_v2,F1 F16 F2 F4 F8,,,,
VAAZTIAMSRP154,PROD-GOV-INTERNAL,VAAFIPRODDR-PROD-INT-SOUTH-RG,usgovtexas,2,Linux,Compute,Standard_A4_v2,F4,,3,4,VAAFIPROD2_AS_SAM150_WS,0,2,,D1_v2 D11_v2 D12_v2 D13_v2 D14_v2 D15_v2 D2_v2 D3_v2 D4_v2 D5_v2,F1 F16 F2 F4 F8,,,,
VAAZTIAMSRP155,PROD-GOV-INTERNAL,VAAFIPRODDR-PROD-INT-SOUTH-RG,usgovtexas,2,Linux,Compute,Standard_A4_v2,F4,,3,4,VAAFIPROD2_AS_SAM150_WS,1,1,,D1_v2 D11_v2 D12_v2 D13_v2 D14_v2 D15_v2 D2_v2 D3_v2 D4_v2 D5_v2,F1 F16 F2 F4 F8,,,,
VAAZTIAMSRP156,PROD-GOV-INTERNAL,VAAFIPRODDR-PROD-INT-SOUTH-RG,usgovtexas,3,Linux,Compute,Standard_A4_v2,F4,,3,4,VAAFIPROD2_AS_SAM150_WS,0,0,,D1_v2 D11_v2 D12_v2 D13_v2 D14_v2 D15_v2 D2_v2 D3_v2 D4_v2 D5_v2,F1 F16 F2 F4 F8,,,,
VAAZTIAMSRP157,PROD-GOV-INTERNAL,VAAFIPRODDR-PROD-INT-SOUTH-RG,usgovtexas,3,Linux,Compute,Standard_A4_v2,F4,,3,4,VAAFIPROD2_AS_SAM150_WS,0,8,,D1_v2 D11_v2 D12_v2 D13_v2 D14_v2 D15_v2 D2_v2 D3_v2 D4_v2 D5_v2,F1 F16 F2 F4 F8,,,,
VAAZTIAMSRP158,PROD-GOV-INTERNAL,VAAFIPRODDR-PROD-INT-SOUTH-RG,usgovtexas,3,Linux,Compute,Standard_A4_v2,F4,,3,4,VAAFIPROD2_AS_SAM150_WS,1,11,,D1_v2 D11_v2 D12_v2 D13_v2 D14_v2 D15_v2 D2_v2 D3_v2 D4_v2 D5_v2,F1 F16 F2 F4 F8,,,,
VAAZTIAMSRP159,PROD-GOV-INTERNAL,VAAFIPRODDR-PROD-INT-SOUTH-RG,usgovtexas,4,Linux,Compute,Standard_A4_v2,F4,,3,4,VAAFIPROD2_AS_SAM150_WS,0,6,,D1_v2 D11_v2 D12_v2 D13_v2 D14_v2 D15_v2 D2_v2 D3_v2 D4_v2 D5_v2,F1 F16 F2 F4 F8,,,,
VAAZTIAMSRP160,PROD-GOV-INTERNAL,VAAFIPRODDR-PROD-INT-SOUTH-RG,usgovtexas,4,Linux,Compute,Standard_A4_v2,F4,,3,4,VAAFIPROD2_AS_SAM150_WS,1,10,,D1_v2 D11_v2 D12_v2 D13_v2 D14_v2 D15_v2 D2_v2 D3_v2 D4_v2 D5_v2,F1 F16 F2 F4 F8,,,,
VAAZTIAMSRP161,PROD-GOV-INTERNAL,VAAFIPRODDR-PROD-INT-SOUTH-RG,usgovtexas,4,Linux,Compute,Standard_A4_v2,F4,,3,4,VAAFIPROD2_AS_SAM150_WS,0,7,,D1_v2 D11_v2 D12_v2 D13_v2 D14_v2 D15_v2 D2_v2 D3_v2 D4_v2 D5_v2,F1 F16 F2 F4 F8,,,,
VAAZTIAMSSO100,PROD-GOV-INTERNAL,ACSPRODDR-PROD-INT-SOUTH-RG,usgovtexas,1,Linux,Compute,Standard_A2_v2,F2,,1,4,ACSPROD2_AS_SSO100,1,1,,D1_v2 D11_v2 D12_v2 D13_v2 D14_v2 D15_v2 D2_v2 D3_v2 D4_v2 D5_v2,F1 F16 F2 F4 F8,,,,
VAAZTIAMSSO101,PROD-GOV-INTERNAL,ACSPRODDR-PROD-INT-SOUTH-RG,usgovtexas,2,Linux,Compute,Standard_A2_v2,F2,,1,4,ACSPROD2_AS_SSO100,0,0,,D1_v2 D11_v2 D12_v2 D13_v2 D14_v2 D15_v2 D2_v2 D3_v2 D4_v2 D5_v2,F1 F16 F2 F4 F8,,,,
VAAZVIAMANS125,PROD-GOV-INTERNAL,MVIPROD-PROD-INT-EAST-RG,usgovvirginia,4,Linux,General,Standard_A2m_v2,D4s_v3,,1,4,,,,,,,,,,
VAAZVIAMAPP100,PROD-GOV-INTERNAL,ACSPROD-PROD-INT-EAST-RG,usgovvirginia,1,Windows,Compute,Standard_A4_v2,F4,Windows_Server,1,4,ACSPROD_AS_APP100_VALOGON,0,0,,D1_v2 D11_v2 D12_v2 D13_v2 D14_v2 D15_v2 D2_v2 D3_v2 D4_v2 D5_v2,F1 F16 F2 F4 F8,,,,
VAAZVIAMAPP101,PROD-GOV-INTERNAL,ACSPROD-PROD-INT-EAST-RG,usgovvirginia,2,Windows,Compute,Standard_A4_v2,F4,Windows_Server,1,4,ACSPROD_AS_APP100_VALOGON,1,1,,D1_v2 D11_v2 D12_v2 D13_v2 D14_v2 D15_v2 D2_v2 D3_v2 D4_v2 D5_v2,F1 F16 F2 F4 F8,,,,
VAAZVIAMAPP104,PROD-GOV-INTERNAL,ACSPROD-PROD-INT-EAST-RG,usgovvirginia,1,Windows,Compute,Standard_A4_v2,F4,Windows_Server,1,4,ACSPROD_AS_APP100_ESIG,0,0,,D1_v2 D11_v2 D12_v2 D13_v2 D14_v2 D15_v2 D2_v2 D3_v2 D4_v2 D5_v2,F1 F16 F2 F4 F8,,,,
VAAZVIAMAPP105,PROD-GOV-INTERNAL,ACSPROD-PROD-INT-EAST-RG,usgovvirginia,2,Windows,Compute,Standard_A4_v2,F4,Windows_Server,1,4,ACSPROD_AS_APP100_ESIG,1,1,,D1_v2 D11_v2 D12_v2 D13_v2 D14_v2 D15_v2 D2_v2 D3_v2 D4_v2 D5_v2,F1 F16 F2 F4 F8,,,,
VAAZVIAMAPP106,PROD-GOV-INTERNAL,ACSPROD-PROD-INT-EAST-RG,usgovvirginia,1,Windows,Compute,Standard_A8_v2,F8,Windows_Server,1,4,ACSPROD_AS_APP100_AMS-VDT,0,0,,D1_v2 D11_v2 D12_v2 D13_v2 D14_v2 D15_v2 D2_v2 D3_v2 D4_v2 D5_v2,F1 F16 F2 F4 F8,,,,
VAAZVIAMAPP107,PROD-GOV-INTERNAL,ACSPROD-PROD-INT-EAST-RG,usgovvirginia,2,Windows,Compute,Standard_A8_v2,F8,Windows_Server,1,4,ACSPROD_AS_APP100_AMS-VDT,1,1,,D1_v2 D11_v2 D12_v2 D13_v2 D14_v2 D15_v2 D2_v2 D3_v2 D4_v2 D5_v2,F1 F16 F2 F4 F8,,,,
VAAZVIAMAPP110,PROD-GOV-INTERNAL,ACSPROD-PROD-INT-EAST-RG,usgovvirginia,3,Linux,General,Standard_A2_v2,D2s_v3,,1,4,ACSPROD_AS_APP100_SSO,0,0,D1 D11 D12 D13 D14 D2 D3 D4 DS1 DS11 DS12 DS13 DS14 DS2 DS3 DS4,D1_v2 D11_v2 D12_v2 D13_v2 D14_v2 D15_v2 D2_v2 D3_v2 D4_v2 D5_v2 DS1_v2 DS11_v2 DS11-1_v2 DS12_v2 DS12-1_v2 DS12-2_v2 DS13_v2 DS13-2_v2 DS13-4_v2 DS14_v2 DS14-4_v2 DS14-8_v2 DS15_v2 DS2_v2 DS3_v2 DS4_v2 DS5_v2,F1 F16 F16s F16s_v2 F1s F2 F2s F2s_v2 F32s_v2 F4 F4s F4s_v2 F64s_v2 F72s_v2 F8 F8s F8s_v2,D16_v3 D16s_v3 D2_v3 D2s_v3 D32_v3 D32s_v3 D4_v3 D4s_v3 D64_v3 D64s_v3 D8_v3 D8s_v3,,,
VAAZVIAMAPP175,PROD-GOV-INTERNAL,VHICPROD-PROD-INT-EAST-RG,usgovvirginia,2,Linux,Compute,Standard_A8_v2,F8,,1,4,VHICPROD_AS_APP175,1,1,,D1_v2 D11_v2 D12_v2 D13_v2 D14_v2 D15_v2 D2_v2 D3_v2 D4_v2 D5_v2,F1 F16 F2 F4 F8,,,,
VAAZVIAMAPP176,PROD-GOV-INTERNAL,VHICPROD-PROD-INT-EAST-RG,usgovvirginia,1,Linux,Compute,Standard_A8_v2,F8,,1,4,VHICPROD_AS_APP175,0,0,,D1_v2 D11_v2 D12_v2 D13_v2 D14_v2 D15_v2 D2_v2 D3_v2 D4_v2 D5_v2,F1 F16 F2 F4 F8,,,,
VAAZVIAMASM100,PROD-GOV-INTERNAL,ACSPROD-PROD-INT-EAST-RG,usgovvirginia,1,Windows,General,Standard_A4_v2,D4s_v3,Windows_Server,1,4,,,,,,,,,,
VAAZVIAMBIGIQ,PROD-GOV-INTERNAL,IAMSHARED-PROD-INT-EAST-RG,usgovvirginia,4,Windows,General,Standard_A4_v2,D4s_v3,Windows_Server,3,4,,,,,,,,,,
VAAZVIAMCAM100,PROD-GOV-INTERNAL,IAMSHARED-PROD-INT-EAST-RG,usgovvirginia,4,Windows,General,Standard_A2m_v2,D4s_v3,Windows_Server,1,4,,,,,,,,,$True,Targeting D4s_v3
VAAZVIAMCAM100,PROD-GOV-INTERNAL,IAMSHARED-PROD-INT-SOUTH-RG,usgovtexas,N/A,Windows,General,Standard_A2m_v2,D4s_v3,,1,4,,,,,,,,,$True,Deleting this remnant from ASR
vaazviamedb100,PROD-GOV-INTERNAL,IAMSHARED-PROD-INT-EAST-RG,usgovvirginia,4,Linux,Compute,Standard_A2_v2,F2,,1,4,IAMSHARED_AS_EDB100,0,0,,D1_v2 D11_v2 D12_v2 D13_v2 D14_v2 D15_v2 D2_v2 D3_v2 D4_v2 D5_v2,F1 F16 F2 F4 F8,,,,
VAAZVIAMFPS150,PROD-GOV-INTERNAL,VAAFIPROD-PROD-INT-EAST-RG,usgovvirginia,3,Linux,Compute,Standard_A4_v2,F4s,,3,4,VAAFIPROD_AS_SAM150_PS,1,3,,D1_v2 D11_v2 D12_v2 D13_v2 D14_v2 D2_v2 D3_v2 D4_v2 D5_v2 DS1_v2 DS11_v2 DS11-1_v2 DS12_v2 DS12-1_v2 DS12-2_v2 DS13_v2 DS13-2_v2 DS13-4_v2 DS14_v2 DS14-4_v2 DS14-8_v2 DS2_v2 DS3_v2 DS4_v2 DS5_v2,F1 F16 F16s F1s F2 F2s F4 F4s F8 F8s,D16_v3 D16s_v3 D2_v3 D2s_v3 D32_v3 D32s_v3 D4_v3 D4s_v3 D64_v3 D64s_v3 D8_v3 D8s_v3,,,
VAAZVIAMFPS151,PROD-GOV-INTERNAL,VAAFIPROD-PROD-INT-EAST-RG,usgovvirginia,4,Linux,Compute,Standard_A4_v2,F4s,,3,4,VAAFIPROD_AS_SAM150_PS,0,2,,D1_v2 D11_v2 D12_v2 D13_v2 D14_v2 D2_v2 D3_v2 D4_v2 D5_v2 DS1_v2 DS11_v2 DS11-1_v2 DS12_v2 DS12-1_v2 DS12-2_v2 DS13_v2 DS13-2_v2 DS13-4_v2 DS14_v2 DS14-4_v2 DS14-8_v2 DS2_v2 DS3_v2 DS4_v2 DS5_v2,F1 F16 F16s F1s F2 F2s F4 F4s F8 F8s,D16_v3 D16s_v3 D2_v3 D2s_v3 D32_v3 D32s_v3 D4_v3 D4s_v3 D64_v3 D64s_v3 D8_v3 D8s_v3,,,
VAAZVIAMFRP150,PROD-GOV-INTERNAL,VAAFIPROD-PROD-INT-EAST-RG,usgovvirginia,3,Linux,Compute,Standard_A4_v2,F4,,3,4,VAAFIPROD_AS_SAM150_WS,1,1,,D1_v2 D11_v2 D12_v2 D13_v2 D14_v2 D15_v2 D2_v2 D3_v2 D4_v2 D5_v2,F1 F16 F2 F4 F8,,,,
VAAZVIAMFRP151,PROD-GOV-INTERNAL,VAAFIPROD-PROD-INT-EAST-RG,usgovvirginia,4,Linux,Compute,Standard_A4_v2,F4,,3,4,VAAFIPROD_AS_SAM150_WS,0,0,,D1_v2 D11_v2 D12_v2 D13_v2 D14_v2 D15_v2 D2_v2 D3_v2 D4_v2 D5_v2,F1 F16 F2 F4 F8,,,,
VAAZVIAMLDP150,PROD-GOV-INTERNAL,VAAFIPROD-PROD-INT-EAST-RG,usgovvirginia,2,Linux,Compute,Standard_A4_v2,F4,,1,4,VAAFIPROD_AS_LDP150,0,0,,D1_v2 D11_v2 D12_v2 D13_v2 D14_v2 D15_v2 D2_v2 D3_v2 D4_v2 D5_v2,F1 F16 F2 F4 F8,,,,
VAAZVIAMLDP151,PROD-GOV-INTERNAL,VAAFIPROD-PROD-INT-EAST-RG,usgovvirginia,1,Linux,Compute,Standard_A4_v2,F4,,1,4,VAAFIPROD_AS_LDP150,1,1,,D1_v2 D11_v2 D12_v2 D13_v2 D14_v2 D15_v2 D2_v2 D3_v2 D4_v2 D5_v2,F1 F16 F2 F4 F8,,,,
VAAZVIAMLDP152,PROD-GOV-INTERNAL,VAAFIPROD-PROD-INT-EAST-RG,usgovvirginia,2,Linux,Compute,Standard_A4_v2,F4,,1,4,VAAFIPROD_AS_LDP150,0,2,,D1_v2 D11_v2 D12_v2 D13_v2 D14_v2 D15_v2 D2_v2 D3_v2 D4_v2 D5_v2,F1 F16 F2 F4 F8,,,,
VAAZVIAMLDP153,PROD-GOV-INTERNAL,VAAFIPROD-PROD-INT-EAST-RG,usgovvirginia,1,Linux,Compute,Standard_A4_v2,F4,,1,4,VAAFIPROD_AS_LDP150,1,3,,D1_v2 D11_v2 D12_v2 D13_v2 D14_v2 D15_v2 D2_v2 D3_v2 D4_v2 D5_v2,F1 F16 F2 F4 F8,,,,
VAAZVIAMLDS100,PROD-GOV-INTERNAL,ACSPROD-PROD-INT-EAST-RG,usgovvirginia,1,Windows,General,Standard_A4_v2,D4s_v3,Windows_Server,1,4,,,,,,,,,,
VAAZVIAMLDS101,PROD-GOV-INTERNAL,ACSPROD-PROD-INT-EAST-RG,usgovvirginia,1,Windows,General,Standard_A4_v2,D4s_v3,Windows_Server,1,4,,,,,,,,,,
VAAZVIAMLDS102,PROD-GOV-INTERNAL,ACSPROD-PROD-INT-EAST-RG,usgovvirginia,2,Windows,General,Standard_A4_v2,D4s_v3,Windows_Server,1,4,,,,,,,,,,
VAAZVIAMMAN100,PROD-GOV-INTERNAL,VAAFIPROD-PROD-INT-EAST-RG,usgovvirginia,4,Windows,General,Standard_A8_v2,D8sv3,Windows_Server,1,4,,,,,,,,,,
VAAZVIAMMAN151,PROD-GOV-INTERNAL,VAAFIPROD-PROD-INT-EAST-RG,usgovvirginia,3,Windows,Compute,Standard_A8_v2,F8,Windows_Server,1,4,VAAFIPROD_AS_MAN150,0,0,,D1_v2 D11_v2 D12_v2 D13_v2 D14_v2 D15_v2 D2_v2 D3_v2 D4_v2 D5_v2,F1 F16 F2 F4 F8,,,,
VAAZVIAMMDM101,PROD-GOV-INTERNAL,MVIPROD-PROD-INT-EAST-RG,usgovvirginia,4,Windows,General,Standard_A2m_v2,D4s_v3,Windows_Server,1,4,,,,,,,,,,
VAAZVIAMMPI100,PROD-GOV-INTERNAL,MVIPROD-PROD-INT-EAST-RG,usgovvirginia,4,Windows,General,Standard_A2m_v2,D4s_v3,,1,4,,,,,,,,,,
VAAZVIAMNSS01,PROD-GOV-INTERNAL,IAMSHARED-PROD-INT-EAST-RG,usgovvirginia,4,Linux,Compute,Standard_A4_v2,F4,,1,4,IAMSHARED_AS_NSS100,0,0,,D1_v2 D11_v2 D12_v2 D13_v2 D14_v2 D15_v2 D2_v2 D3_v2 D4_v2 D5_v2,F1 F16 F2 F4 F8,,,,
VAAZVIAMPDP100,PROD-GOV-INTERNAL,ACSPROD-PROD-INT-EAST-RG,usgovvirginia,1,Windows,Compute,Standard_A4_v2,F4,Windows_Server,1,4,ACSPROD_AS_PDP100,0,0,,D1_v2 D11_v2 D12_v2 D13_v2 D14_v2 D15_v2 D2_v2 D3_v2 D4_v2 D5_v2,F1 F16 F2 F4 F8,,,,
VAAZVIAMPDP101,PROD-GOV-INTERNAL,ACSPROD-PROD-INT-EAST-RG,usgovvirginia,2,Windows,Compute,Standard_A4_v2,F4,Windows_Server,1,4,ACSPROD_AS_PDP100,1,1,,D1_v2 D11_v2 D12_v2 D13_v2 D14_v2 D15_v2 D2_v2 D3_v2 D4_v2 D5_v2,F1 F16 F2 F4 F8,,,,
VAAZVIAMPJT100,PROD-GOV-INTERNAL,IAMSHARED-PROD-INT-EAST-RG,usgovvirginia,4,Windows,Compute,Standard_A4_v2,F4s,Windows_Server,1,4,IAMSHARED_AS_UIM100,1,7,,D1_v2 D11_v2 D12_v2 D13_v2 D14_v2 D15_v2 D2_v2 D3_v2 D4_v2 D5_v2 DS1_v2 DS11_v2 DS11-1_v2 DS12_v2 DS12-1_v2 DS12-2_v2 DS13_v2 DS13-2_v2 DS13-4_v2 DS14_v2 DS14-4_v2 DS14-8_v2 DS15_v2 DS2_v2 DS3_v2 DS4_v2 DS5_v2,F1 F16 F16s F1s F2 F2s F4 F4s F8 F8s,,,,
VAAZVIAMPKDM150,PROD-GOV-INTERNAL,VAAFIPROD-PROD-INT-EAST-RG,usgovvirginia,3,Linux,General,Standard_A4_v2,D4s_v3,,1,4,VAAFIPROD_AS_FIM150_PKI,0,2,,D1_v2 D11_v2 D12_v2 D13_v2 D14_v2 D2_v2 D3_v2 D4_v2 D5_v2 DS1_v2 DS11_v2 DS11-1_v2 DS12_v2 DS12-1_v2 DS12-2_v2 DS13_v2 DS13-2_v2 DS13-4_v2 DS14_v2 DS14-4_v2 DS14-8_v2 DS2_v2 DS3_v2 DS4_v2 DS5_v2,F1 F16 F16s F1s F2 F2s F4 F4s F8 F8s,D16_v3 D16s_v3 D2_v3 D2s_v3 D32_v3 D32s_v3 D4_v3 D4s_v3 D64_v3 D64s_v3 D8_v3 D8s_v3,,,
VAAZVIAMPKFM150,PROD-GOV-INTERNAL,VAAFIPROD-PROD-INT-EAST-RG,usgovvirginia,3,Linux,General,Standard_A4_v2,D4s_v3,,1,4,VAAFIPROD_AS_FIM150_PKI,1,1,,D1_v2 D11_v2 D12_v2 D13_v2 D14_v2 D2_v2 D3_v2 D4_v2 D5_v2 DS1_v2 DS11_v2 DS11-1_v2 DS12_v2 DS12-1_v2 DS12-2_v2 DS13_v2 DS13-2_v2 DS13-4_v2 DS14_v2 DS14-4_v2 DS14-8_v2 DS2_v2 DS3_v2 DS4_v2 DS5_v2,F1 F16 F16s F1s F2 F2s F4 F4s F8 F8s,D16_v3 D16s_v3 D2_v3 D2s_v3 D32_v3 D32s_v3 D4_v3 D4s_v3 D64_v3 D64s_v3 D8_v3 D8s_v3,,,
VAAZVIAMPKFM151,PROD-GOV-INTERNAL,VAAFIPROD-PROD-INT-EAST-RG,usgovvirginia,4,Linux,General,Standard_A4_v2,D4s_v3,,1,4,VAAFIPROD_AS_FIM150_PKI,0,0,,D1_v2 D11_v2 D12_v2 D13_v2 D14_v2 D2_v2 D3_v2 D4_v2 D5_v2 DS1_v2 DS11_v2 DS11-1_v2 DS12_v2 DS12-1_v2 DS12-2_v2 DS13_v2 DS13-2_v2 DS13-4_v2 DS14_v2 DS14-4_v2 DS14-8_v2 DS2_v2 DS3_v2 DS4_v2 DS5_v2,F1 F16 F16s F1s F2 F2s F4 F4s F8 F8s,D16_v3 D16s_v3 D2_v3 D2s_v3 D32_v3 D32s_v3 D4_v3 D4s_v3 D64_v3 D64s_v3 D8_v3 D8s_v3,,,
VAAZVIAMPPS150,PROD-GOV-INTERNAL,VAAFIPROD-PROD-INT-EAST-RG,usgovvirginia,1,Linux,Compute,Standard_A4_v2,F4,,3,4,VAAFIPROD_AS_SAM150_PKI-PS,1,1,,D1_v2 D11_v2 D12_v2 D13_v2 D14_v2 D15_v2 D2_v2 D3_v2 D4_v2 D5_v2,F1 F16 F2 F4 F8,,,,
VAAZVIAMPPS151,PROD-GOV-INTERNAL,VAAFIPROD-PROD-INT-EAST-RG,usgovvirginia,2,Linux,Compute,Standard_A4_v2,F4,,3,4,VAAFIPROD_AS_SAM150_PKI-PS,0,0,,D1_v2 D11_v2 D12_v2 D13_v2 D14_v2 D15_v2 D2_v2 D3_v2 D4_v2 D5_v2,F1 F16 F2 F4 F8,,,,
VAAZVIAMPROD1F5,PROD-GOV-INTERNAL,ACSPROD-PROD-INT-EAST-RG,usgovvirginia,N/A,Linux,Memory,Standard_A7,DS13_v2,,1,4,ACSPROD_AS_F5_PROD,0,0,D1 D11 D12 D13 D14 D2 D3 D4 DS1 DS11 DS12 DS13 DS14 DS2 DS3 DS4,D1_v2 D11_v2 D12_v2 D13_v2 D14_v2 D15_v2 D2_v2 D3_v2 D4_v2 D5_v2 DS1_v2 DS11_v2 DS11-1_v2 DS12_v2 DS12-1_v2 DS12-2_v2 DS13_v2 DS13-2_v2 DS13-4_v2 DS14_v2 DS14-4_v2 DS14-8_v2 DS15_v2 DS2_v2 DS3_v2 DS4_v2 DS5_v2,F1 F16 F16s F16s_v2 F1s F2 F2s F2s_v2 F32s_v2 F4 F4s F4s_v2 F64s_v2 F72s_v2 F8 F8s F8s_v2,D16_v3 D16s_v3 D2_v3 D2s_v3 D32_v3 D32s_v3 D4_v3 D4s_v3 D64_v3 D64s_v3 D8_v3 D8s_v3,,,Will be deleted
VAAZVIAMPROD2F5,PROD-GOV-INTERNAL,ACSPROD-PROD-INT-EAST-RG,usgovvirginia,N/A,Linux,Memory,Standard_A7,DS13_v2,,1,4,ACSPROD_AS_F5_PROD,1,1,D1 D11 D12 D13 D14 D2 D3 D4 DS1 DS11 DS12 DS13 DS14 DS2 DS3 DS4,D1_v2 D11_v2 D12_v2 D13_v2 D14_v2 D15_v2 D2_v2 D3_v2 D4_v2 D5_v2 DS1_v2 DS11_v2 DS11-1_v2 DS12_v2 DS12-1_v2 DS12-2_v2 DS13_v2 DS13-2_v2 DS13-4_v2 DS14_v2 DS14-4_v2 DS14-8_v2 DS15_v2 DS2_v2 DS3_v2 DS4_v2 DS5_v2,F1 F16 F16s F16s_v2 F1s F2 F2s F2s_v2 F32s_v2 F4 F4s F4s_v2 F64s_v2 F72s_v2 F8 F8s F8s_v2,D16_v3 D16s_v3 D2_v3 D2s_v3 D32_v3 D32s_v3 D4_v3 D4s_v3 D64_v3 D64s_v3 D8_v3 D8s_v3,,,Will be deleted
VAAZVIAMPRP150,PROD-GOV-INTERNAL,VAAFIPROD-PROD-INT-EAST-RG,usgovvirginia,1,Linux,Compute,Standard_A4_v2,F4s,,3,4,VAAFPROD_AS_SAM150_PKI-WS,1,1,,D1_v2 D11_v2 D12_v2 D13_v2 D14_v2 D2_v2 D3_v2 D4_v2 D5_v2 DS1_v2 DS11_v2 DS11-1_v2 DS12_v2 DS12-1_v2 DS12-2_v2 DS13_v2 DS13-2_v2 DS13-4_v2 DS14_v2 DS14-4_v2 DS14-8_v2 DS2_v2 DS3_v2 DS4_v2 DS5_v2,F1 F16 F16s F1s F2 F2s F4 F4s F8 F8s,D16_v3 D16s_v3 D2_v3 D2s_v3 D32_v3 D32s_v3 D4_v3 D4s_v3 D64_v3 D64s_v3 D8_v3 D8s_v3,,,
VAAZVIAMPRP151,PROD-GOV-INTERNAL,VAAFIPROD-PROD-INT-EAST-RG,usgovvirginia,2,Linux,Compute,Standard_A4_v2,F4s,,3,4,VAAFPROD_AS_SAM150_PKI-WS,0,0,,D1_v2 D11_v2 D12_v2 D13_v2 D14_v2 D2_v2 D3_v2 D4_v2 D5_v2 DS1_v2 DS11_v2 DS11-1_v2 DS12_v2 DS12-1_v2 DS12-2_v2 DS13_v2 DS13-2_v2 DS13-4_v2 DS14_v2 DS14-4_v2 DS14-8_v2 DS2_v2 DS3_v2 DS4_v2 DS5_v2,F1 F16 F16s F1s F2 F2s F4 F4s F8 F8s,D16_v3 D16s_v3 D2_v3 D2s_v3 D32_v3 D32s_v3 D4_v3 D4s_v3 D64_v3 D64s_v3 D8_v3 D8s_v3,,,
vaazviamshf100,PROD-GOV-INTERNAL,IAMSHARED-PROD-INT-EAST-RG,usgovvirginia,4,Linux,General,Standard_A4_v2,D4s_v3,,1,4,,,,,,,,,,
VAAZVIAMSOI100,PROD-GOV-INTERNAL,IAMSHARED-PROD-INT-EAST-RG,usgovvirginia,3,Windows,Compute,Standard_A4_v2,F4,Windows_Server,1,4,IAMSHARED_AS_SOI100,0,0,,D1_v2 D11_v2 D12_v2 D13_v2 D14_v2 D15_v2 D2_v2 D3_v2 D4_v2 D5_v2,F1 F16 F2 F4 F8,,,,
VAAZVIAMSOI101,PROD-GOV-INTERNAL,IAMSHARED-PROD-INT-EAST-RG,usgovvirginia,4,Windows,Compute,Standard_A4_v2,F4,Windows_Server,1,4,IAMSHARED_AS_SOI100,1,1,,D1_v2 D11_v2 D12_v2 D13_v2 D14_v2 D15_v2 D2_v2 D3_v2 D4_v2 D5_v2,F1 F16 F2 F4 F8,,,,
VAAZVIAMSPDM150,PROD-GOV-INTERNAL,VAAFIPROD-PROD-INT-EAST-RG,usgovvirginia,3,Linux,General,Standard_A4_v2,D2v2,,1,4,VAAFIPROD_AS_FIM150_SP,0,4,,D1_v2 D11_v2 D12_v2 D13_v2 D14_v2 D2_v2 D3_v2 D4_v2 D5_v2 DS1_v2 DS11_v2 DS11-1_v2 DS12_v2 DS12-1_v2 DS12-2_v2 DS13_v2 DS13-2_v2 DS13-4_v2 DS14_v2 DS14-4_v2 DS14-8_v2 DS2_v2 DS3_v2 DS4_v2 DS5_v2,F1 F16 F16s F1s F2 F2s F4 F4s F8 F8s,D16_v3 D16s_v3 D2_v3 D2s_v3 D32_v3 D32s_v3 D4_v3 D4s_v3 D64_v3 D64s_v3 D8_v3 D8s_v3,,$True,Targeting D2v2
VAAZVIAMSPFM150,PROD-GOV-INTERNAL,VAAFIPROD-PROD-INT-EAST-RG,usgovvirginia,3,Linux,General,Standard_A4_v2,D4s_v3,,1,4,VAAFIPROD_AS_FIM150_SP,1,3,,D1_v2 D11_v2 D12_v2 D13_v2 D14_v2 D2_v2 D3_v2 D4_v2 D5_v2 DS1_v2 DS11_v2 DS11-1_v2 DS12_v2 DS12-1_v2 DS12-2_v2 DS13_v2 DS13-2_v2 DS13-4_v2 DS14_v2 DS14-4_v2 DS14-8_v2 DS2_v2 DS3_v2 DS4_v2 DS5_v2,F1 F16 F16s F1s F2 F2s F4 F4s F8 F8s,D16_v3 D16s_v3 D2_v3 D2s_v3 D32_v3 D32s_v3 D4_v3 D4s_v3 D64_v3 D64s_v3 D8_v3 D8s_v3,,,
VAAZVIAMSPFM151,PROD-GOV-INTERNAL,VAAFIPROD-PROD-INT-EAST-RG,usgovvirginia,4,Linux,General,Standard_A4_v2,D4s_v3,,1,4,VAAFIPROD_AS_FIM150_SP,1,1,,D1_v2 D11_v2 D12_v2 D13_v2 D14_v2 D2_v2 D3_v2 D4_v2 D5_v2 DS1_v2 DS11_v2 DS11-1_v2 DS12_v2 DS12-1_v2 DS12-2_v2 DS13_v2 DS13-2_v2 DS13-4_v2 DS14_v2 DS14-4_v2 DS14-8_v2 DS2_v2 DS3_v2 DS4_v2 DS5_v2,F1 F16 F16s F1s F2 F2s F4 F4s F8 F8s,D16_v3 D16s_v3 D2_v3 D2s_v3 D32_v3 D32s_v3 D4_v3 D4s_v3 D64_v3 D64s_v3 D8_v3 D8s_v3,,,
VAAZVIAMSPFM152,PROD-GOV-INTERNAL,VAAFIPROD-PROD-INT-EAST-RG,usgovvirginia,3,Linux,General,Standard_A4_v2,D4s_v3,,1,4,VAAFIPROD_AS_FIM150_SP,0,2,,D1_v2 D11_v2 D12_v2 D13_v2 D14_v2 D2_v2 D3_v2 D4_v2 D5_v2 DS1_v2 DS11_v2 DS11-1_v2 DS12_v2 DS12-1_v2 DS12-2_v2 DS13_v2 DS13-2_v2 DS13-4_v2 DS14_v2 DS14-4_v2 DS14-8_v2 DS2_v2 DS3_v2 DS4_v2 DS5_v2,F1 F16 F16s F1s F2 F2s F4 F4s F8 F8s,D16_v3 D16s_v3 D2_v3 D2s_v3 D32_v3 D32s_v3 D4_v3 D4s_v3 D64_v3 D64s_v3 D8_v3 D8s_v3,,,
VAAZVIAMSPFM153,PROD-GOV-INTERNAL,VAAFIPROD-PROD-INT-EAST-RG,usgovvirginia,4,Linux,General,Standard_A4_v2,D4s_v3,,1,4,VAAFIPROD_AS_FIM150_SP,0,0,,D1_v2 D11_v2 D12_v2 D13_v2 D14_v2 D2_v2 D3_v2 D4_v2 D5_v2 DS1_v2 DS11_v2 DS11-1_v2 DS12_v2 DS12-1_v2 DS12-2_v2 DS13_v2 DS13-2_v2 DS13-4_v2 DS14_v2 DS14-4_v2 DS14-8_v2 DS2_v2 DS3_v2 DS4_v2 DS5_v2,F1 F16 F16s F1s F2 F2s F4 F4s F8 F8s,D16_v3 D16s_v3 D2_v3 D2s_v3 D32_v3 D32s_v3 D4_v3 D4s_v3 D64_v3 D64s_v3 D8_v3 D8s_v3,,,
VAAZVIAMSPS100,PROD-GOV-INTERNAL,ACSPROD-PROD-INT-EAST-RG,usgovvirginia,1,Windows,Compute,Standard_A4_v2,F4,Windows_Server,1,4,ACSPROD_AS_SPS100,1,1,,D1_v2 D11_v2 D12_v2 D13_v2 D14_v2 D15_v2 D2_v2 D3_v2 D4_v2 D5_v2,F1 F16 F2 F4 F8,,,,
VAAZVIAMSPS101,PROD-GOV-INTERNAL,ACSPROD-PROD-INT-EAST-RG,usgovvirginia,2,Windows,Compute,Standard_A4_v2,F4,Windows_Server,1,4,ACSPROD_AS_SPS100,0,0,,D1_v2 D11_v2 D12_v2 D13_v2 D14_v2 D15_v2 D2_v2 D3_v2 D4_v2 D5_v2,F1 F16 F2 F4 F8,,,,
VAAZVIAMSPS150,PROD-GOV-INTERNAL,VAAFIPROD-PROD-INT-EAST-RG,usgovvirginia,1,Linux,Compute,Standard_A4_v2,F4s,,3,4,VAAFIPROD_AS_SAM150_PS,0,0,,D1_v2 D11_v2 D12_v2 D13_v2 D14_v2 D2_v2 D3_v2 D4_v2 D5_v2 DS1_v2 DS11_v2 DS11-1_v2 DS12_v2 DS12-1_v2 DS12-2_v2 DS13_v2 DS13-2_v2 DS13-4_v2 DS14_v2 DS14-4_v2 DS14-8_v2 DS2_v2 DS3_v2 DS4_v2 DS5_v2,F1 F16 F16s F1s F2 F2s F4 F4s F8 F8s,D16_v3 D16s_v3 D2_v3 D2s_v3 D32_v3 D32s_v3 D4_v3 D4s_v3 D64_v3 D64s_v3 D8_v3 D8s_v3,,,
VAAZVIAMSPS151,PROD-GOV-INTERNAL,VAAFIPROD-PROD-INT-EAST-RG,usgovvirginia,2,Linux,Compute,Standard_A4_v2,F4s,,3,4,VAAFIPROD_AS_SAM150_PS,1,1,,D1_v2 D11_v2 D12_v2 D13_v2 D14_v2 D2_v2 D3_v2 D4_v2 D5_v2 DS1_v2 DS11_v2 DS11-1_v2 DS12_v2 DS12-1_v2 DS12-2_v2 DS13_v2 DS13-2_v2 DS13-4_v2 DS14_v2 DS14-4_v2 DS14-8_v2 DS2_v2 DS3_v2 DS4_v2 DS5_v2,F1 F16 F16s F1s F2 F2s F4 F4s F8 F8s,D16_v3 D16s_v3 D2_v3 D2s_v3 D32_v3 D32s_v3 D4_v3 D4s_v3 D64_v3 D64s_v3 D8_v3 D8s_v3,,,
VAAZVIAMSRP100,PROD-GOV-INTERNAL,IAMSHARED-PROD-INT-EAST-RG,usgovvirginia,1,Windows,General,Standard_A4_v2,DS3,Windows_Server,1,4,IAMSHARED_AS_SRP100,0,0,D1 D11 D12 D13 D14 D2 D3 D4 DS1 DS11 DS12 DS13 DS14 DS2 DS3 DS4,,,,,,
VAAZVIAMSRP101,PROD-GOV-INTERNAL,IAMSHARED-PROD-INT-EAST-RG,usgovvirginia,1,Windows,General,Standard_A4_v2,DS3,Windows_Server,1,4,IAMSHARED_AS_SRP100,1,1,D1 D11 D12 D13 D14 D2 D3 D4 DS1 DS11 DS12 DS13 DS14 DS2 DS3 DS4,,,,,,
VAAZVIAMSRP150,PROD-GOV-INTERNAL,VAAFIPROD-PROD-INT-EAST-RG,usgovvirginia,1,Linux,Compute,Standard_A4_v2,F4,,3,4,VAAFIPROD_AS_SAM150_WS,1,11,,D1_v2 D11_v2 D12_v2 D13_v2 D14_v2 D15_v2 D2_v2 D3_v2 D4_v2 D5_v2,F1 F16 F2 F4 F8,,,,
VAAZVIAMSRP151,PROD-GOV-INTERNAL,VAAFIPROD-PROD-INT-EAST-RG,usgovvirginia,1,Linux,Compute,Standard_A4_v2,F4,,3,4,VAAFIPROD_AS_SAM150_WS,0,4,,D1_v2 D11_v2 D12_v2 D13_v2 D14_v2 D15_v2 D2_v2 D3_v2 D4_v2 D5_v2,F1 F16 F2 F4 F8,,,,
VAAZVIAMSRP152,PROD-GOV-INTERNAL,VAAFIPROD-PROD-INT-EAST-RG,usgovvirginia,1,Linux,Compute,Standard_A4_v2,F4,,3,4,VAAFIPROD_AS_SAM150_WS,0,6,,D1_v2 D11_v2 D12_v2 D13_v2 D14_v2 D15_v2 D2_v2 D3_v2 D4_v2 D5_v2,F1 F16 F2 F4 F8,,,,
VAAZVIAMSRP153,PROD-GOV-INTERNAL,VAAFIPROD-PROD-INT-EAST-RG,usgovvirginia,2,Linux,Compute,Standard_A4_v2,F4,,3,4,VAAFIPROD_AS_SAM150_WS,0,8,,D1_v2 D11_v2 D12_v2 D13_v2 D14_v2 D15_v2 D2_v2 D3_v2 D4_v2 D5_v2,F1 F16 F2 F4 F8,,,,
VAAZVIAMSRP154,PROD-GOV-INTERNAL,VAAFIPROD-PROD-INT-EAST-RG,usgovvirginia,2,Linux,Compute,Standard_A4_v2,F4,,3,4,VAAFIPROD_AS_SAM150_WS,0,1,,D1_v2 D11_v2 D12_v2 D13_v2 D14_v2 D15_v2 D2_v2 D3_v2 D4_v2 D5_v2,F1 F16 F2 F4 F8,,,,
VAAZVIAMSRP155,PROD-GOV-INTERNAL,VAAFIPROD-PROD-INT-EAST-RG,usgovvirginia,2,Linux,Compute,Standard_A4_v2,F4,,3,4,VAAFIPROD_AS_SAM150_WS,1,7,,D1_v2 D11_v2 D12_v2 D13_v2 D14_v2 D15_v2 D2_v2 D3_v2 D4_v2 D5_v2,F1 F16 F2 F4 F8,,,,
VAAZVIAMSRP156,PROD-GOV-INTERNAL,VAAFIPROD-PROD-INT-EAST-RG,usgovvirginia,3,Linux,Compute,Standard_A4_v2,F4,,3,4,VAAFIPROD_AS_SAM150_WS,0,10,,D1_v2 D11_v2 D12_v2 D13_v2 D14_v2 D15_v2 D2_v2 D3_v2 D4_v2 D5_v2,F1 F16 F2 F4 F8,,,,
VAAZVIAMSRP157,PROD-GOV-INTERNAL,VAAFIPROD-PROD-INT-EAST-RG,usgovvirginia,3,Linux,Compute,Standard_A4_v2,F4,,3,4,VAAFIPROD_AS_SAM150_WS,1,9,,D1_v2 D11_v2 D12_v2 D13_v2 D14_v2 D15_v2 D2_v2 D3_v2 D4_v2 D5_v2,F1 F16 F2 F4 F8,,,,
VAAZVIAMSRP158,PROD-GOV-INTERNAL,VAAFIPROD-PROD-INT-EAST-RG,usgovvirginia,3,Linux,Compute,Standard_A4_v2,F4,,3,4,VAAFIPROD_AS_SAM150_WS,1,5,,D1_v2 D11_v2 D12_v2 D13_v2 D14_v2 D15_v2 D2_v2 D3_v2 D4_v2 D5_v2,F1 F16 F2 F4 F8,,,,
VAAZVIAMSRP159,PROD-GOV-INTERNAL,VAAFIPROD-PROD-INT-EAST-RG,usgovvirginia,4,Linux,Compute,Standard_A4_v2,F4,,3,4,VAAFIPROD_AS_SAM150_WS,1,2,,D1_v2 D11_v2 D12_v2 D13_v2 D14_v2 D15_v2 D2_v2 D3_v2 D4_v2 D5_v2,F1 F16 F2 F4 F8,,,,
VAAZVIAMSRP160,PROD-GOV-INTERNAL,VAAFIPROD-PROD-INT-EAST-RG,usgovvirginia,4,Linux,Compute,Standard_A4_v2,F4,,3,4,VAAFIPROD_AS_SAM150_WS,1,3,,D1_v2 D11_v2 D12_v2 D13_v2 D14_v2 D15_v2 D2_v2 D3_v2 D4_v2 D5_v2,F1 F16 F2 F4 F8,,,,
VAAZVIAMSRP161,PROD-GOV-INTERNAL,VAAFIPROD-PROD-INT-EAST-RG,usgovvirginia,4,Linux,Compute,Standard_A4_v2,F4,,3,4,VAAFIPROD_AS_SAM150_WS,0,2,,D1_v2 D11_v2 D12_v2 D13_v2 D14_v2 D15_v2 D2_v2 D3_v2 D4_v2 D5_v2,F1 F16 F2 F4 F8,,,,
VAAZVIAMSSO100,PROD-GOV-INTERNAL,ACSPROD-PROD-INT-EAST-RG,usgovvirginia,1,Linux,Compute,Standard_A2_v2,F2,,1,4,ACSPROD_AS_SSO100,1,1,,D1_v2 D11_v2 D12_v2 D13_v2 D14_v2 D15_v2 D2_v2 D3_v2 D4_v2 D5_v2,F1 F16 F2 F4 F8,,,,
VAAZVIAMSSO101,PROD-GOV-INTERNAL,ACSPROD-PROD-INT-EAST-RG,usgovvirginia,2,Linux,Compute,Standard_A2_v2,F2,,1,4,ACSPROD_AS_SSO100,0,0,,D1_v2 D11_v2 D12_v2 D13_v2 D14_v2 D15_v2 D2_v2 D3_v2 D4_v2 D5_v2,F1 F16 F2 F4 F8,,,,
VAAZVIAMSTS150,PROD-GOV-INTERNAL,VAAFIPROD-PROD-INT-EAST-RG,usgovvirginia,1,Linux,Compute,Standard_A4_v2,F4,,1,4,VAAFIPROD_AS_STS150,1,1,,D1_v2 D11_v2 D12_v2 D13_v2 D14_v2 D15_v2 D2_v2 D3_v2 D4_v2 D5_v2,F1 F16 F2 F4 F8,,,,
VAAZVIAMSTS151,PROD-GOV-INTERNAL,VAAFIPROD-PROD-INT-EAST-RG,usgovvirginia,2,Linux,Compute,Standard_A4_v2,F4,,1,4,VAAFIPROD_AS_STS150,0,0,,D1_v2 D11_v2 D12_v2 D13_v2 D14_v2 D15_v2 D2_v2 D3_v2 D4_v2 D5_v2,F1 F16 F2 F4 F8,,,,
VAAZVIAMSTS152,PROD-GOV-INTERNAL,VAAFIPROD-PROD-INT-EAST-RG,usgovvirginia,1,Linux,Compute,Standard_A4_v2,F4,,1,4,VAAFIPROD_AS_STS150,0,2,,D1_v2 D11_v2 D12_v2 D13_v2 D14_v2 D15_v2 D2_v2 D3_v2 D4_v2 D5_v2,F1 F16 F2 F4 F8,,,,
VAAZVIAMSTS153,PROD-GOV-INTERNAL,VAAFIPROD-PROD-INT-EAST-RG,usgovvirginia,2,Linux,Compute,Standard_A4_v2,F4,,1,4,VAAFIPROD_AS_STS150,1,3,,D1_v2 D11_v2 D12_v2 D13_v2 D14_v2 D15_v2 D2_v2 D3_v2 D4_v2 D5_v2,F1 F16 F2 F4 F8,,,,
VAAZVIAMUTL100,PROD-GOV-INTERNAL,ACSPROD-PROD-INT-EAST-RG,usgovvirginia,3,Windows,General,Standard_A4_v2,D4s_v3,Windows_Server,1,4,,,,,,,,,,
VAAZVIAMUTL150,PROD-GOV-INTERNAL,VAAFIPROD-PROD-INT-EAST-RG,usgovvirginia,4,Linux,Compute,Standard_A4_v2,F4,,1,4,VAAFIPROD_AS_UTL150,0,0,,D1_v2 D11_v2 D12_v2 D13_v2 D14_v2 D15_v2 D2_v2 D3_v2 D4_v2 D5_v2,F1 F16 F2 F4 F8,,,,
VAAZVIAMVWB150,PROD-GOV-INTERNAL,VAAFIPROD-PROD-INT-EAST-RG,usgovvirginia,2,Linux,General,Standard_A2_v2,DS2,,1,4,VAAFIPROD_AS_VWB150,0,0,D1 D11 D12 D13 D14 D2 D3 D4 DS1 DS11 DS12 DS13 DS14 DS2 DS3 DS4,,,,,,
VAAZVIAMVWB151,PROD-GOV-INTERNAL,VAAFIPROD-PROD-INT-EAST-RG,usgovvirginia,1,Linux,General,Standard_A2_v2,D2s_v3,,1,4,,,,,,,,,,
VAAZVIAMVWL150,PROD-GOV-INTERNAL,VAAFIPROD-PROD-INT-EAST-RG,usgovvirginia,2,Linux,Compute,Standard_A4_v2,F4,,1,4,VAAFIPROD_AS_VWL150,1,1,,D1_v2 D11_v2 D12_v2 D13_v2 D14_v2 D15_v2 D2_v2 D3_v2 D4_v2 D5_v2,F1 F16 F2 F4 F8,,,,
VAAZVIAMVWL151,PROD-GOV-INTERNAL,VAAFIPROD-PROD-INT-EAST-RG,usgovvirginia,1,Linux,Compute,Standard_A4_v2,F4,,1,4,VAAFIPROD_AS_VWL150,0,0,,D1_v2 D11_v2 D12_v2 D13_v2 D14_v2 D15_v2 D2_v2 D3_v2 D4_v2 D5_v2,F1 F16 F2 F4 F8,,,,
VAAZVIAMWEB100,PROD-GOV-INTERNAL,ACSPROD-PROD-INT-EAST-RG,usgovvirginia,1,Windows,General,Standard_A4_v2,DS3,Windows_Server,1,4,ACSPROD_AS_WEB100_CL,1,1,D1 D11 D12 D13 D14 D2 D3 D4 DS1 DS11 DS12 DS13 DS14 DS2 DS3 DS4,,,,,,
VAAZVIAMWEB101,PROD-GOV-INTERNAL,ACSPROD-PROD-INT-EAST-RG,usgovvirginia,2,Windows,General,Standard_A4_v2,DS3,Windows_Server,1,4,ACSPROD_AS_WEB100_CL,0,0,D1 D11 D12 D13 D14 D2 D3 D4 DS1 DS11 DS12 DS13 DS14 DS2 DS3 DS4,,,,,,
VAAZVIAMWEB102,PROD-GOV-INTERNAL,ACSPROD-PROD-INT-EAST-RG,usgovvirginia,1,Windows,General,Standard_A4_v2,DS3,Windows_Server,1,4,ACSPROD_AS_WEB100_PIV,1,1,D1 D11 D12 D13 D14 D2 D3 D4 DS1 DS11 DS12 DS13 DS14 DS2 DS3 DS4,,,,,,
VAAZVIAMWEB103,PROD-GOV-INTERNAL,ACSPROD-PROD-INT-EAST-RG,usgovvirginia,2,Windows,General,Standard_A4_v2,DS3,Windows_Server,1,4,ACSPROD_AS_WEB100_PIV,0,0,D1 D11 D12 D13 D14 D2 D3 D4 DS1 DS11 DS12 DS13 DS14 DS2 DS3 DS4,,,,,,
VAAZVIAMWEB104,PROD-GOV-INTERNAL,ACSPROD-PROD-INT-EAST-RG,usgovvirginia,1,Windows,General,Standard_A4_v2,DS3,Windows_Server,1,4,ACSPROD_AS_WEB100_WINAUTH,1,1,D1 D11 D12 D13 D14 D2 D3 D4 DS1 DS11 DS12 DS13 DS14 DS2 DS3 DS4,,,,,,
VAAZVIAMWEB105,PROD-GOV-INTERNAL,ACSPROD-PROD-INT-EAST-RG,usgovvirginia,2,Windows,General,Standard_A4_v2,DS3,Windows_Server,1,4,ACSPROD_AS_WEB100_WINAUTH,0,0,D1 D11 D12 D13 D14 D2 D3 D4 DS1 DS11 DS12 DS13 DS14 DS2 DS3 DS4,,,,,,
VAAZVIAMWEB106,PROD-GOV-INTERNAL,ACSPROD-PROD-INT-EAST-RG,usgovvirginia,1,Windows,General,Standard_A4_v2,DS3,Windows_Server,1,4,ACSPROD_AS_WEB100_SAML,1,1,D1 D11 D12 D13 D14 D2 D3 D4 DS1 DS11 DS12 DS13 DS14 DS2 DS3 DS4,,,,,,
VAAZVIAMWEB107,PROD-GOV-INTERNAL,ACSPROD-PROD-INT-EAST-RG,usgovvirginia,2,Windows,General,Standard_A4_v2,DS3,Windows_Server,1,4,ACSPROD_AS_WEB100_SAML,0,0,D1 D11 D12 D13 D14 D2 D3 D4 DS1 DS11 DS12 DS13 DS14 DS2 DS3 DS4,,,,,,
VAAZVIAMWEB108,PROD-GOV-INTERNAL,ACSPROD-PROD-INT-EAST-RG,usgovvirginia,1,Windows,Compute,Standard_A4_v2,F4,Windows_Server,1,4,ACSPROD_AS_WEB100_PROV,1,1,,D1_v2 D11_v2 D12_v2 D13_v2 D14_v2 D15_v2 D2_v2 D3_v2 D4_v2 D5_v2,F1 F16 F2 F4 F8,,,,
VAAZVIAMWEB109,PROD-GOV-INTERNAL,ACSPROD-PROD-INT-EAST-RG,usgovvirginia,2,Windows,Compute,Standard_A4_v2,F4,Windows_Server,1,4,ACSPROD_AS_WEB100_PROV,0,0,,D1_v2 D11_v2 D12_v2 D13_v2 D14_v2 D15_v2 D2_v2 D3_v2 D4_v2 D5_v2,F1 F16 F2 F4 F8,,,,
VAAZVIAMWEB110,PROD-GOV-INTERNAL,ACSPROD-PROD-INT-EAST-RG,usgovvirginia,1,Windows,Compute,Standard_A4_v2,F4,Windows_Server,1,4,ACSPROD_AS_WEB100_UNAUTHAMS,0,0,,D1_v2 D11_v2 D12_v2 D13_v2 D14_v2 D15_v2 D2_v2 D3_v2 D4_v2 D5_v2,F1 F16 F2 F4 F8,,,,
VAAZVIAMWEB111,PROD-GOV-INTERNAL,ACSPROD-PROD-INT-EAST-RG,usgovvirginia,2,Windows,Compute,Standard_A4_v2,F4,Windows_Server,1,4,ACSPROD_AS_WEB100_UNAUTHAMS,1,1,,D1_v2 D11_v2 D12_v2 D13_v2 D14_v2 D15_v2 D2_v2 D3_v2 D4_v2 D5_v2,F1 F16 F2 F4 F8,,,,
VAAZVIAMWEB112,PROD-GOV-INTERNAL,ACSPROD-PROD-INT-EAST-RG,usgovvirginia,1,Windows,General,Standard_A4_v2,DS3,Windows_Server,1,4,ACSPROD_AS_WEB100_SAML,0,2,D1 D11 D12 D13 D14 D2 D3 D4 DS1 DS11 DS12 DS13 DS14 DS2 DS3 DS4,,,,,,
VAAZVIAMWEB113,PROD-GOV-INTERNAL,ACSPROD-PROD-INT-EAST-RG,usgovvirginia,2,Windows,General,Standard_A4_v2,DS3,Windows_Server,1,4,ACSPROD_AS_WEB100_PIV,0,2,D1 D11 D12 D13 D14 D2 D3 D4 DS1 DS11 DS12 DS13 DS14 DS2 DS3 DS4,,,,,,
VAAZVIAMWEB114,PROD-GOV-INTERNAL,ACSPROD-PROD-INT-EAST-RG,usgovvirginia,1,Windows,General,Standard_A4_v2,DS3,Windows_Server,1,4,ACSPROD_AS_WEB100_CL,0,2,D1 D11 D12 D13 D14 D2 D3 D4 DS1 DS11 DS12 DS13 DS14 DS2 DS3 DS4,,,,,,
VAAZVIAMWEB115,PROD-GOV-INTERNAL,ACSPROD-PROD-INT-EAST-RG,usgovvirginia,2,Windows,General,Standard_A4_v2,DS3,Windows_Server,1,4,ACSPROD_AS_WEB100_SAML,1,3,D1 D11 D12 D13 D14 D2 D3 D4 DS1 DS11 DS12 DS13 DS14 DS2 DS3 DS4,,,,,,
VAAZVIAMWEB175,PROD-GOV-INTERNAL,VHICPROD-PROD-INT-EAST-RG,usgovvirginia,2,Linux,General,Standard_A4_v2,DS3,,1,4,VHICPROD_AS_WEB175,1,1,D1 D11 D12 D13 D14 D2 D3 D4 DS1 DS11 DS12 DS13 DS14 DS2 DS3 DS4,,,,,,
VAAZVIAMWEB176,PROD-GOV-INTERNAL,VHICPROD-PROD-INT-EAST-RG,usgovvirginia,1,Linux,General,Standard_A4_v2,DS3,,1,4,VHICPROD_AS_WEB175,0,0,D1 D11 D12 D13 D14 D2 D3 D4 DS1 DS11 DS12 DS13 DS14 DS2 DS3 DS4,,,,,,
va-prod2012test,PROD-GOV-INTERNAL,IAMSHARED-PROD-INT-EAST-RG,usgovvirginia,N/A,Windows,,Standard_A2_v2,N/A,Windows_Server,1,4,,,,,,,,$True,,Deleting
win2012-113018,PROD-GOV-INTERNAL,ACSPROD-PROD-INT-EAST-RG,usgovvirginia,N/A,Windows,,Standard_A2_v2,N/A,,1,4,,,,,,,,$True,,Deleting
win2012-test,PROD-GOV-INTERNAL,ACSPROD-PROD-INT-EAST-RG,usgovvirginia,N/A,Windows,,Standard_A2_v2,N/A,Windows_Server,1,4,,,,,,,,$True,,Deleting
